filename,width,height,area,aspect_ratio,longest_side,shortest_side
1.jpg,524,343,179732,1.528,524,343
2.jpg,689,528,363792,1.305,689,528
3.jpg,176,110,19360,1.6,176,110
4.jpg,188,181,34028,1.039,188,181
5.jpg,999,810,809190,1.233,999,810
6.jpg,606,618,374508,0.981,618,606
7.jpg,154,161,24794,0.957,161,154
8.jpg,123,148,18204,0.831,148,123
9.jpg,172,248,42656,0.694,248,172
10.jpg,611,428,261508,1.428,611,428
11.jpg,95,210,19950,0.452,210,95
12.jpg,466,339,157974,1.375,466,339
13.jpg,158,139,21962,1.137,158,139
14.jpg,211,134,28274,1.575,211,134
15.jpg,338,246,83148,1.374,338,246
16.jpg,182,115,20930,1.583,182,115
17.jpg,338,243,82134,1.391,338,243
18.jpg,316,266,84056,1.188,316,266
19.jpg,682,410,279620,1.663,682,410
20.jpg,599,327,195873,1.832,599,327
21.jpg,339,218,73902,1.555,339,218
22.jpg,191,120,22920,1.592,191,120
23.jpg,471,338,159198,1.393,471,338
24.jpg,403,234,94302,1.722,403,234
25.jpg,193,123,23739,1.569,193,123
26.jpg,1466,833,1221178,1.76,1466,833
27.jpg,132,141,18612,0.936,141,132
28.jpg,311,266,82726,1.169,311,266
29.jpg,230,207,47610,1.111,230,207
30.jpg,277,220,60940,1.259,277,220
31.jpg,178,151,26878,1.179,178,151
32.jpg,699,413,288687,1.692,699,413
33.jpg,181,169,30589,1.071,181,169
34.jpg,116,160,18560,0.725,160,116
35.jpg,225,148,33300,1.52,225,148
36.jpg,286,174,49764,1.644,286,174
37.jpg,275,248,68200,1.109,275,248
38.jpg,361,237,85557,1.523,361,237
39.jpg,150,93,13950,1.613,150,93
40.jpg,649,450,292050,1.442,649,450
41.jpg,493,376,185368,1.311,493,376
42.jpg,414,315,130410,1.314,414,315
43.jpg,616,517,318472,1.191,616,517
44.jpg,457,316,144412,1.446,457,316
45.jpg,118,185,21830,0.638,185,118
46.jpg,480,441,211680,1.088,480,441
47.jpg,164,97,15908,1.691,164,97
48.jpg,640,386,247040,1.658,640,386
49.jpg,691,656,453296,1.053,691,656
50.jpg,202,122,24644,1.656,202,122
51.jpg,2319,1119,2594961,2.072,2319,1119
52.jpg,836,436,364496,1.917,836,436
53.jpg,122,87,10614,1.402,122,87
54.jpg,162,101,16362,1.604,162,101
55.jpg,485,366,177510,1.325,485,366
56.jpg,318,169,53742,1.882,318,169
57.jpg,132,75,9900,1.76,132,75
58.jpg,125,87,10875,1.437,125,87
59.jpg,825,520,429000,1.587,825,520
60.jpg,169,92,15548,1.837,169,92
61.jpg,167,86,14362,1.942,167,86
62.jpg,99,64,6336,1.547,99,64
63.jpg,156,114,17784,1.368,156,114
64.jpg,139,76,10564,1.829,139,76
65.jpg,132,80,10560,1.65,132,80
66.jpg,114,111,12654,1.027,114,111
67.jpg,205,111,22755,1.847,205,111
68.jpg,662,476,315112,1.391,662,476
69.jpg,171,113,19323,1.513,171,113
70.jpg,454,362,164348,1.254,454,362
71.jpg,192,117,22464,1.641,192,117
72.jpg,155,92,14260,1.685,155,92
73.jpg,119,108,12852,1.102,119,108
74.jpg,169,92,15548,1.837,169,92
75.jpg,184,120,22080,1.533,184,120
76.jpg,185,121,22385,1.529,185,121
77.jpg,509,391,199019,1.302,509,391
78.jpg,154,85,13090,1.812,154,85
79.jpg,126,104,13104,1.212,126,104
80.jpg,99,98,9702,1.01,99,98
81.jpg,129,86,11094,1.5,129,86
82.jpg,133,86,11438,1.547,133,86
83.jpg,150,101,15150,1.485,150,101
84.jpg,139,87,12093,1.598,139,87
85.jpg,162,104,16848,1.558,162,104
86.jpg,261,174,45414,1.5,261,174
87.jpg,759,423,321057,1.794,759,423
88.jpg,154,100,15400,1.54,154,100
89.jpg,129,75,9675,1.72,129,75
90.jpg,1591,629,1000739,2.529,1591,629
91.jpg,115,149,17135,0.772,149,115
92.jpg,178,150,26700,1.187,178,150
93.jpg,560,232,129920,2.414,560,232
94.jpg,512,415,212480,1.234,512,415
95.jpg,286,200,57200,1.43,286,200
96.jpg,743,476,353668,1.561,743,476
97.jpg,298,221,65858,1.348,298,221
98.jpg,185,149,27565,1.242,185,149
99.jpg,200,135,27000,1.481,200,135
100.jpg,58,121,7018,0.479,121,58
101.jpg,184,160,29440,1.15,184,160
102.jpg,118,80,9440,1.475,118,80
103.jpg,904,570,515280,1.586,904,570
104.jpg,238,187,44506,1.273,238,187
105.jpg,190,124,23560,1.532,190,124
106.jpg,126,78,9828,1.615,126,78
107.jpg,170,96,16320,1.771,170,96
108.jpg,142,88,12496,1.614,142,88
109.jpg,838,493,413134,1.7,838,493
110.jpg,704,631,444224,1.116,704,631
111.jpg,281,236,66316,1.191,281,236
112.jpg,278,173,48094,1.607,278,173
113.jpg,176,121,21296,1.455,176,121
114.jpg,320,241,77120,1.328,320,241
115.jpg,183,169,30927,1.083,183,169
116.jpg,191,125,23875,1.528,191,125
117.jpg,212,140,29680,1.514,212,140
118.jpg,172,158,27176,1.089,172,158
119.jpg,946,590,558140,1.603,946,590
120.jpg,210,160,33600,1.312,210,160
121.jpg,111,93,10323,1.194,111,93
122.jpg,195,164,31980,1.189,195,164
123.jpg,226,156,35256,1.449,226,156
124.jpg,222,198,43956,1.121,222,198
125.jpg,161,117,18837,1.376,161,117
126.jpg,236,132,31152,1.788,236,132
127.jpg,185,136,25160,1.36,185,136
128.jpg,146,110,16060,1.327,146,110
129.jpg,184,120,22080,1.533,184,120
130.jpg,985,594,585090,1.658,985,594
131.jpg,156,104,16224,1.5,156,104
132.jpg,341,260,88660,1.312,341,260
133.jpg,172,113,19436,1.522,172,113
134.jpg,204,123,25092,1.659,204,123
135.jpg,211,138,29118,1.529,211,138
136.jpg,163,138,22494,1.181,163,138
137.jpg,225,171,38475,1.316,225,171
138.jpg,260,169,43940,1.538,260,169
139.jpg,170,137,23290,1.241,170,137
140.jpg,689,481,331409,1.432,689,481
141.jpg,267,232,61944,1.151,267,232
142.jpg,214,153,32742,1.399,214,153
143.jpg,236,206,48616,1.146,236,206
144.jpg,188,144,27072,1.306,188,144
145.jpg,183,120,21960,1.525,183,120
146.jpg,230,140,32200,1.643,230,140
147.jpg,2084,1093,2277812,1.907,2084,1093
148.jpg,2164,974,2107736,2.222,2164,974
149.jpg,2103,1265,2660295,1.662,2103,1265
150.jpg,756,412,311472,1.835,756,412
151.jpg,1221,603,736263,2.025,1221,603
152.jpg,1535,798,1224930,1.924,1535,798
153.jpg,2087,1109,2314483,1.882,2087,1109
154.jpg,1744,1058,1845152,1.648,1744,1058
155.jpg,1635,909,1486215,1.799,1635,909
156.jpg,221,140,30940,1.579,221,140
157.jpg,1523,938,1428574,1.624,1523,938
158.jpg,1747,904,1579288,1.933,1747,904
159.jpg,1482,800,1185600,1.853,1482,800
160.jpg,2402,2039,4897678,1.178,2402,2039
161.jpg,104,120,12480,0.867,120,104
162.jpg,624,460,287040,1.357,624,460
163.jpg,563,470,264610,1.198,563,470
164.jpg,634,641,406394,0.989,641,634
165.jpg,451,446,201146,1.011,451,446
166.jpg,327,494,161538,0.662,494,327
167.jpg,818,651,532518,1.257,818,651
168.jpg,385,276,106260,1.395,385,276
169.jpg,551,476,262276,1.158,551,476
170.jpg,566,495,280170,1.143,566,495
171.jpg,316,280,88480,1.129,316,280
172.jpg,584,468,273312,1.248,584,468
173.jpg,502,326,163652,1.54,502,326
174.jpg,413,361,149093,1.144,413,361
175.jpg,249,306,76194,0.814,306,249
176.jpg,535,477,255195,1.122,535,477
177.jpg,304,235,71440,1.294,304,235
178.jpg,335,321,107535,1.044,335,321
179.jpg,382,312,119184,1.224,382,312
180.jpg,1945,1536,2987520,1.266,1945,1536
181.jpg,231,237,54747,0.975,237,231
182.jpg,297,338,100386,0.879,338,297
183.jpg,279,378,105462,0.738,378,279
184.jpg,467,303,141501,1.541,467,303
185.jpg,220,248,54560,0.887,248,220
186.jpg,121,114,13794,1.061,121,114
187.jpg,1048,895,937960,1.171,1048,895
188.jpg,1078,988,1065064,1.091,1078,988
189.jpg,1182,1051,1242282,1.125,1182,1051
190.jpg,1060,894,947640,1.186,1060,894
191.jpg,740,620,458800,1.194,740,620
192.jpg,289,241,69649,1.199,289,241
193.jpg,481,504,242424,0.954,504,481
194.jpg,1131,893,1009983,1.267,1131,893
195.jpg,296,180,53280,1.644,296,180
196.jpg,712,583,415096,1.221,712,583
197.jpg,569,687,390903,0.828,687,569
198.jpg,731,727,531437,1.006,731,727
199.jpg,936,772,722592,1.212,936,772
200.jpg,1049,672,704928,1.561,1049,672
201.jpg,909,564,512676,1.612,909,564
202.jpg,1017,555,564435,1.832,1017,555
203.jpg,970,756,733320,1.283,970,756
204.jpg,942,931,877002,1.012,942,931
205.jpg,276,230,63480,1.2,276,230
206.jpg,1093,668,730124,1.636,1093,668
207.jpg,795,520,413400,1.529,795,520
208.jpg,1490,977,1455730,1.525,1490,977
209.jpg,728,549,399672,1.326,728,549
210.jpg,1195,876,1046820,1.364,1195,876
211.jpg,1266,1116,1412856,1.134,1266,1116
212.jpg,1257,1116,1402812,1.126,1257,1116
213.jpg,656,464,304384,1.414,656,464
214.jpg,692,426,294792,1.624,692,426
215.jpg,584,427,249368,1.368,584,427
216.jpg,426,354,150804,1.203,426,354
217.jpg,513,411,210843,1.248,513,411
218.jpg,707,485,342895,1.458,707,485
219.jpg,254,205,52070,1.239,254,205
220.jpg,1570,1368,2147760,1.148,1570,1368
221.jpg,621,411,255231,1.511,621,411
222.jpg,498,328,163344,1.518,498,328
223.jpg,764,546,417144,1.399,764,546
224.jpg,1106,890,984340,1.243,1106,890
225.jpg,723,585,422955,1.236,723,585
226.jpg,584,600,350400,0.973,600,584
227.jpg,630,468,294840,1.346,630,468
228.jpg,584,427,249368,1.368,584,427
229.jpg,752,572,430144,1.315,752,572
230.jpg,726,427,310002,1.7,726,427
231.jpg,355,292,103660,1.216,355,292
232.jpg,770,429,330330,1.795,770,429
233.jpg,717,630,451710,1.138,717,630
234.jpg,1072,818,876896,1.311,1072,818
235.jpg,520,326,169520,1.595,520,326
236.jpg,866,520,450320,1.665,866,520
237.jpg,720,554,398880,1.3,720,554
238.jpg,283,162,45846,1.747,283,162
239.jpg,359,318,114162,1.129,359,318
240.jpg,869,912,792528,0.953,912,869
241.jpg,281,249,69969,1.129,281,249
242.jpg,143,194,27742,0.737,194,143
243.jpg,228,232,52896,0.983,232,228
244.jpg,129,100,12900,1.29,129,100
245.jpg,167,132,22044,1.265,167,132
246.jpg,168,74,12432,2.27,168,74
247.jpg,266,153,40698,1.739,266,153
248.jpg,170,98,16660,1.735,170,98
249.jpg,772,470,362840,1.643,772,470
250.jpg,178,129,22962,1.38,178,129
251.jpg,116,100,11600,1.16,116,100
252.jpg,117,92,10764,1.272,117,92
253.jpg,114,75,8550,1.52,114,75
254.jpg,232,177,41064,1.311,232,177
255.jpg,720,618,444960,1.165,720,618
256.jpg,288,244,70272,1.18,288,244
257.jpg,708,573,405684,1.236,708,573
258.jpg,365,292,106580,1.25,365,292
259.jpg,610,495,301950,1.232,610,495
260.jpg,126,111,13986,1.135,126,111
261.jpg,229,185,42365,1.238,229,185
262.jpg,118,100,11800,1.18,118,100
263.jpg,113,80,9040,1.413,113,80
264.jpg,433,341,147653,1.27,433,341
265.jpg,136,112,15232,1.214,136,112
266.jpg,185,129,23865,1.434,185,129
267.jpg,224,183,40992,1.224,224,183
268.jpg,186,149,27714,1.248,186,149
269.jpg,212,184,39008,1.152,212,184
270.jpg,949,732,694668,1.296,949,732
271.jpg,125,108,13500,1.157,125,108
272.jpg,171,128,21888,1.336,171,128
273.jpg,222,139,30858,1.597,222,139
274.jpg,144,91,13104,1.582,144,91
275.jpg,185,133,24605,1.391,185,133
276.jpg,271,211,57181,1.284,271,211
277.jpg,166,141,23406,1.177,166,141
278.jpg,303,258,78174,1.174,303,258
279.jpg,606,480,290880,1.262,606,480
280.jpg,896,508,455168,1.764,896,508
281.jpg,213,188,40044,1.133,213,188
282.jpg,136,96,13056,1.417,136,96
283.jpg,161,136,21896,1.184,161,136
284.jpg,124,81,10044,1.531,124,81
285.jpg,1434,1170,1677780,1.226,1434,1170
286.jpg,137,139,19043,0.986,139,137
287.jpg,234,199,46566,1.176,234,199
288.jpg,283,237,67071,1.194,283,237
289.jpg,295,285,84075,1.035,295,285
290.jpg,363,198,71874,1.833,363,198
291.jpg,732,489,357948,1.497,732,489
292.jpg,519,402,208638,1.291,519,402
293.jpg,156,86,13416,1.814,156,86
294.jpg,167,141,23547,1.184,167,141
295.jpg,525,403,211575,1.303,525,403
296.jpg,164,103,16892,1.592,164,103
297.jpg,94,126,11844,0.746,126,94
298.jpg,154,129,19866,1.194,154,129
299.jpg,176,139,24464,1.266,176,139
300.jpg,239,169,40391,1.414,239,169
301.jpg,201,172,34572,1.169,201,172
302.jpg,755,588,443940,1.284,755,588
303.jpg,122,87,10614,1.402,122,87
304.jpg,232,199,46168,1.166,232,199
305.jpg,150,103,15450,1.456,150,103
306.jpg,224,343,76832,0.653,343,224
307.jpg,1517,1289,1955413,1.177,1517,1289
308.jpg,119,78,9282,1.526,119,78
309.jpg,272,218,59296,1.248,272,218
310.jpg,555,426,236430,1.303,555,426
311.jpg,551,380,209380,1.45,551,380
312.jpg,426,254,108204,1.677,426,254
313.jpg,259,223,57757,1.161,259,223
314.jpg,124,128,15872,0.969,128,124
315.jpg,239,253,60467,0.945,253,239
316.jpg,287,192,55104,1.495,287,192
317.jpg,781,675,527175,1.157,781,675
318.jpg,124,88,10912,1.409,124,88
319.jpg,225,192,43200,1.172,225,192
320.jpg,875,534,467250,1.639,875,534
321.jpg,167,99,16533,1.687,167,99
322.jpg,158,137,21646,1.153,158,137
323.jpg,282,224,63168,1.259,282,224
324.jpg,149,91,13559,1.637,149,91
325.jpg,138,85,11730,1.624,138,85
326.jpg,276,219,60444,1.26,276,219
327.jpg,278,215,59770,1.293,278,215
328.jpg,963,560,539280,1.72,963,560
329.jpg,98,74,7252,1.324,98,74
330.jpg,194,165,32010,1.176,194,165
331.jpg,1152,648,746496,1.778,1152,648
332.jpg,170,133,22610,1.278,170,133
333.jpg,164,123,20172,1.333,164,123
334.jpg,895,625,559375,1.432,895,625
335.jpg,157,99,15543,1.586,157,99
336.jpg,453,405,183465,1.119,453,405
337.jpg,368,276,101568,1.333,368,276
338.jpg,661,474,313314,1.395,661,474
339.jpg,149,99,14751,1.505,149,99
340.jpg,198,176,34848,1.125,198,176
341.jpg,295,216,63720,1.366,295,216
342.jpg,340,255,86700,1.333,340,255
343.jpg,288,216,62208,1.333,288,216
344.jpg,206,224,46144,0.92,224,206
345.jpg,437,350,152950,1.249,437,350
346.jpg,405,293,118665,1.382,405,293
347.jpg,232,205,47560,1.132,232,205
348.jpg,744,484,360096,1.537,744,484
349.jpg,242,104,25168,2.327,242,104
350.jpg,124,123,15252,1.008,124,123
351.jpg,156,145,22620,1.076,156,145
352.jpg,273,228,62244,1.197,273,228
353.jpg,499,413,206087,1.208,499,413
354.jpg,224,159,35616,1.409,224,159
355.jpg,224,159,35616,1.409,224,159
356.jpg,1008,1026,1034208,0.982,1026,1008
357.jpg,343,258,88494,1.329,343,258
358.jpg,734,482,353788,1.523,734,482
359.jpg,182,157,28574,1.159,182,157
360.jpg,960,720,691200,1.333,960,720
361.jpg,277,225,62325,1.231,277,225
362.jpg,142,87,12354,1.632,142,87
363.jpg,268,213,57084,1.258,268,213
364.jpg,539,452,243628,1.192,539,452
365.jpg,260,257,66820,1.012,260,257
366.jpg,206,255,52530,0.808,255,206
367.jpg,151,91,13741,1.659,151,91
368.jpg,268,198,53064,1.354,268,198
369.jpg,693,470,325710,1.474,693,470
370.jpg,211,314,66254,0.672,314,211
371.jpg,594,416,247104,1.428,594,416
372.jpg,1266,1010,1278660,1.253,1266,1010
373.jpg,143,112,16016,1.277,143,112
374.jpg,506,381,192786,1.328,506,381
375.jpg,216,175,37800,1.234,216,175
376.jpg,300,207,62100,1.449,300,207
377.jpg,283,211,59713,1.341,283,211
378.jpg,604,384,231936,1.573,604,384
379.jpg,302,248,74896,1.218,302,248
380.jpg,148,200,29600,0.74,200,148
381.jpg,551,450,247950,1.224,551,450
382.jpg,129,80,10320,1.613,129,80
383.jpg,242,211,51062,1.147,242,211
384.jpg,166,139,23074,1.194,166,139
385.jpg,185,145,26825,1.276,185,145
386.jpg,201,169,33969,1.189,201,169
387.jpg,245,204,49980,1.201,245,204
388.jpg,169,138,23322,1.225,169,138
389.jpg,920,820,754400,1.122,920,820
390.jpg,1304,1058,1379632,1.233,1304,1058
391.jpg,111,77,8547,1.442,111,77
392.jpg,117,134,15678,0.873,134,117
393.jpg,210,164,34440,1.28,210,164
394.jpg,125,86,10750,1.453,125,86
395.jpg,357,183,65331,1.951,357,183
396.jpg,506,413,208978,1.225,506,413
397.jpg,168,122,20496,1.377,168,122
398.jpg,1014,825,836550,1.229,1014,825
399.jpg,1467,796,1167732,1.843,1467,796
400.jpg,176,153,26928,1.15,176,153
401.jpg,201,229,46029,0.878,229,201
402.jpg,232,180,41760,1.289,232,180
403.jpg,405,241,97605,1.68,405,241
404.jpg,293,267,78231,1.097,293,267
405.jpg,406,324,131544,1.253,406,324
406.jpg,429,392,168168,1.094,429,392
407.jpg,117,109,12753,1.073,117,109
408.jpg,276,233,64308,1.185,276,233
409.jpg,1365,713,973245,1.914,1365,713
410.jpg,177,149,26373,1.188,177,149
411.jpg,287,242,69454,1.186,287,242
412.jpg,267,218,58206,1.225,267,218
413.jpg,1080,883,953640,1.223,1080,883
414.jpg,251,168,42168,1.494,251,168
415.jpg,166,220,36520,0.755,220,166
416.jpg,154,120,18480,1.283,154,120
417.jpg,282,229,64578,1.231,282,229
418.jpg,282,229,64578,1.231,282,229
419.jpg,170,113,19210,1.504,170,113
420.jpg,1430,771,1102530,1.855,1430,771
421.jpg,226,182,41132,1.242,226,182
422.jpg,330,285,94050,1.158,330,285
423.jpg,344,507,174408,0.679,507,344
424.jpg,367,181,66427,2.028,367,181
425.jpg,205,151,30955,1.358,205,151
426.jpg,232,204,47328,1.137,232,204
427.jpg,158,151,23858,1.046,158,151
428.jpg,158,151,23858,1.046,158,151
429.jpg,626,415,259790,1.508,626,415
430.jpg,266,216,57456,1.231,266,216
431.jpg,651,393,255843,1.656,651,393
432.jpg,237,296,70152,0.801,296,237
433.jpg,210,133,27930,1.579,210,133
434.jpg,156,126,19656,1.238,156,126
435.jpg,184,80,14720,2.3,184,80
436.jpg,209,140,29260,1.493,209,140
437.jpg,384,283,108672,1.357,384,283
438.jpg,239,185,44215,1.292,239,185
439.jpg,424,339,143736,1.251,424,339
440.jpg,859,493,423487,1.742,859,493
441.jpg,441,349,153909,1.264,441,349
442.jpg,360,285,102600,1.263,360,285
443.jpg,283,246,69618,1.15,283,246
444.jpg,345,283,97635,1.219,345,283
445.jpg,276,169,46644,1.633,276,169
446.jpg,973,640,622720,1.52,973,640
447.jpg,437,352,153824,1.241,437,352
448.jpg,276,169,46644,1.633,276,169
449.jpg,264,207,54648,1.275,264,207
450.jpg,339,283,95937,1.198,339,283
451.jpg,863,471,406473,1.832,863,471
452.jpg,244,176,42944,1.386,244,176
453.jpg,282,220,62040,1.282,282,220
454.jpg,192,172,33024,1.116,192,172
455.jpg,345,336,115920,1.027,345,336
456.jpg,202,157,31714,1.287,202,157
457.jpg,280,231,64680,1.212,280,231
458.jpg,180,176,31680,1.023,180,176
459.jpg,424,350,148400,1.211,424,350
460.jpg,367,189,69363,1.942,367,189
461.jpg,644,560,360640,1.15,644,560
462.jpg,380,221,83980,1.719,380,221
463.jpg,363,302,109626,1.202,363,302
464.jpg,296,220,65120,1.345,296,220
465.jpg,836,650,543400,1.286,836,650
466.jpg,198,222,43956,0.892,222,198
467.jpg,159,98,15582,1.622,159,98
468.jpg,276,204,56304,1.353,276,204
469.jpg,180,112,20160,1.607,180,112
470.jpg,1027,636,653172,1.615,1027,636
471.jpg,321,245,78645,1.31,321,245
472.jpg,183,151,27633,1.212,183,151
473.jpg,397,240,95280,1.654,397,240
474.jpg,515,391,201365,1.317,515,391
475.jpg,252,193,48636,1.306,252,193
476.jpg,253,200,50600,1.265,253,200
477.jpg,195,162,31590,1.204,195,162
478.jpg,120,86,10320,1.395,120,86
479.jpg,738,522,385236,1.414,738,522
480.jpg,1285,785,1008725,1.637,1285,785
481.jpg,169,170,28730,0.994,170,169
482.jpg,560,494,276640,1.134,560,494
483.jpg,122,77,9394,1.584,122,77
484.jpg,165,121,19965,1.364,165,121
485.jpg,729,484,352836,1.506,729,484
486.jpg,237,201,47637,1.179,237,201
487.jpg,156,132,20592,1.182,156,132
488.jpg,387,297,114939,1.303,387,297
489.jpg,386,291,112326,1.326,386,291
490.jpg,428,373,159644,1.147,428,373
491.jpg,1754,806,1413724,2.176,1754,806
492.jpg,139,99,13761,1.404,139,99
493.jpg,186,146,27156,1.274,186,146
494.jpg,718,630,452340,1.14,718,630
495.jpg,170,108,18360,1.574,170,108
496.jpg,664,558,370512,1.19,664,558
497.jpg,237,186,44082,1.274,237,186
498.jpg,191,110,21010,1.736,191,110
499.jpg,177,114,20178,1.553,177,114
500.jpg,686,522,358092,1.314,686,522
501.jpg,231,180,41580,1.283,231,180
502.jpg,165,201,33165,0.821,201,165
503.jpg,189,195,36855,0.969,195,189
504.jpg,104,75,7800,1.387,104,75
505.jpg,303,231,69993,1.312,303,231
506.jpg,204,184,37536,1.109,204,184
507.jpg,169,136,22984,1.243,169,136
508.jpg,242,150,36300,1.613,242,150
509.jpg,337,360,121320,0.936,360,337
510.jpg,595,440,261800,1.352,595,440
511.jpg,995,750,746250,1.327,995,750
512.jpg,117,77,9009,1.519,117,77
513.jpg,354,292,103368,1.212,354,292
514.jpg,301,198,59598,1.52,301,198
515.jpg,120,101,12120,1.188,120,101
516.jpg,180,138,24840,1.304,180,138
517.jpg,298,265,78970,1.125,298,265
518.jpg,531,440,233640,1.207,531,440
519.jpg,318,278,88404,1.144,318,278
520.jpg,199,177,35223,1.124,199,177
521.jpg,837,524,438588,1.597,837,524
522.jpg,451,410,184910,1.1,451,410
523.jpg,229,150,34350,1.527,229,150
524.jpg,358,168,60144,2.131,358,168
525.jpg,168,139,23352,1.209,168,139
526.jpg,367,324,118908,1.133,367,324
527.jpg,160,159,25440,1.006,160,159
528.jpg,107,89,9523,1.202,107,89
529.jpg,719,422,303418,1.704,719,422
530.jpg,1643,972,1596996,1.69,1643,972
531.jpg,719,422,303418,1.704,719,422
532.jpg,222,156,34632,1.423,222,156
533.jpg,254,247,62738,1.028,254,247
534.jpg,371,314,116494,1.182,371,314
535.jpg,254,247,62738,1.028,254,247
536.jpg,376,171,64296,2.199,376,171
537.jpg,296,248,73408,1.194,296,248
538.jpg,176,150,26400,1.173,176,150
539.jpg,1309,643,841687,2.036,1309,643
540.jpg,137,84,11508,1.631,137,84
541.jpg,201,140,28140,1.436,201,140
542.jpg,203,192,38976,1.057,203,192
543.jpg,147,87,12789,1.69,147,87
544.jpg,535,354,189390,1.511,535,354
545.jpg,288,249,71712,1.157,288,249
546.jpg,850,685,582250,1.241,850,685
547.jpg,410,428,175480,0.958,428,410
548.jpg,508,399,202692,1.273,508,399
549.jpg,213,206,43878,1.034,213,206
550.jpg,205,170,34850,1.206,205,170
551.jpg,221,187,41327,1.182,221,187
552.jpg,199,187,37213,1.064,199,187
553.jpg,199,187,37213,1.064,199,187
554.jpg,189,134,25326,1.41,189,134
555.jpg,485,337,163445,1.439,485,337
556.jpg,188,200,37600,0.94,200,188
557.jpg,613,519,318147,1.181,613,519
558.jpg,342,319,109098,1.072,342,319
559.jpg,1181,660,779460,1.789,1181,660
560.jpg,111,102,11322,1.088,111,102
561.jpg,463,206,95378,2.248,463,206
562.jpg,312,285,88920,1.095,312,285
563.jpg,839,460,385940,1.824,839,460
564.jpg,147,120,17640,1.225,147,120
565.jpg,227,149,33823,1.523,227,149
566.jpg,184,133,24472,1.383,184,133
567.jpg,181,159,28779,1.138,181,159
568.jpg,103,100,10300,1.03,103,100
569.jpg,677,413,279601,1.639,677,413
570.jpg,127,181,22987,0.702,181,127
571.jpg,683,355,242465,1.924,683,355
572.jpg,118,84,9912,1.405,118,84
573.jpg,287,305,87535,0.941,305,287
574.jpg,531,440,233640,1.207,531,440
575.jpg,205,151,30955,1.358,205,151
576.jpg,654,484,316536,1.351,654,484
577.jpg,120,102,12240,1.176,120,102
578.jpg,226,230,51980,0.983,230,226
579.jpg,696,494,343824,1.409,696,494
580.jpg,385,338,130130,1.139,385,338
581.jpg,84,97,8148,0.866,97,84
582.jpg,116,112,12992,1.036,116,112
583.jpg,640,487,311680,1.314,640,487
584.jpg,254,242,61468,1.05,254,242
585.jpg,475,462,219450,1.028,475,462
586.jpg,161,158,25438,1.019,161,158
587.jpg,588,473,278124,1.243,588,473
588.jpg,413,386,159418,1.07,413,386
589.jpg,266,230,61180,1.157,266,230
590.jpg,784,596,467264,1.315,784,596
591.jpg,101,104,10504,0.971,104,101
592.jpg,212,199,42188,1.065,212,199
593.jpg,625,492,307500,1.27,625,492
594.jpg,211,217,45787,0.972,217,211
595.jpg,253,218,55154,1.161,253,218
596.jpg,457,398,181886,1.148,457,398
597.jpg,936,732,685152,1.279,936,732
598.jpg,529,439,232231,1.205,529,439
599.jpg,437,228,99636,1.917,437,228
600.jpg,408,361,147288,1.13,408,361
601.jpg,195,171,33345,1.14,195,171
602.jpg,147,104,15288,1.413,147,104
603.jpg,776,619,480344,1.254,776,619
604.jpg,207,169,34983,1.225,207,169
605.jpg,217,198,42966,1.096,217,198
606.jpg,640,666,426240,0.961,666,640
607.jpg,469,319,149611,1.47,469,319
608.jpg,141,79,11139,1.785,141,79
609.jpg,156,161,25116,0.969,161,156
610.jpg,355,420,149100,0.845,420,355
611.jpg,524,438,229512,1.196,524,438
612.jpg,405,305,123525,1.328,405,305
613.jpg,233,188,43804,1.239,233,188
614.jpg,194,149,28906,1.302,194,149
615.jpg,654,351,229554,1.863,654,351
616.jpg,2048,1536,3145728,1.333,2048,1536
617.jpg,254,165,41910,1.539,254,165
618.jpg,403,427,172081,0.944,427,403
619.jpg,128,121,15488,1.058,128,121
620.jpg,912,840,766080,1.086,912,840
621.jpg,146,141,20586,1.035,146,141
622.jpg,494,457,225758,1.081,494,457
623.jpg,313,272,85136,1.151,313,272
624.jpg,388,365,141620,1.063,388,365
625.jpg,389,344,133816,1.131,389,344
626.jpg,2048,1535,3143680,1.334,2048,1535
627.jpg,201,197,39597,1.02,201,197
628.jpg,165,103,16995,1.602,165,103
629.jpg,292,205,59860,1.424,292,205
630.jpg,324,225,72900,1.44,324,225
631.jpg,195,158,30810,1.234,195,158
632.jpg,454,257,116678,1.767,454,257
633.jpg,228,197,44916,1.157,228,197
634.jpg,249,228,56772,1.092,249,228
635.jpg,176,153,26928,1.15,176,153
636.jpg,1494,1238,1849572,1.207,1494,1238
637.jpg,144,68,9792,2.118,144,68
638.jpg,255,231,58905,1.104,255,231
639.jpg,223,200,44600,1.115,223,200
640.jpg,575,628,361100,0.916,628,575
641.jpg,147,81,11907,1.815,147,81
642.jpg,175,173,30275,1.012,175,173
643.jpg,260,206,53560,1.262,260,206
644.jpg,591,484,286044,1.221,591,484
645.jpg,280,213,59640,1.315,280,213
646.jpg,298,256,76288,1.164,298,256
647.jpg,535,354,189390,1.511,535,354
648.jpg,120,122,14640,0.984,122,120
649.jpg,148,99,14652,1.495,148,99
650.jpg,564,376,212064,1.5,564,376
651.jpg,337,272,91664,1.239,337,272
652.jpg,407,441,179487,0.923,441,407
653.jpg,233,209,48697,1.115,233,209
654.jpg,184,185,34040,0.995,185,184
655.jpg,213,169,35997,1.26,213,169
656.jpg,270,228,61560,1.184,270,228
657.jpg,169,89,15041,1.899,169,89
658.jpg,324,225,72900,1.44,324,225
659.jpg,843,524,441732,1.609,843,524
660.jpg,137,84,11508,1.631,137,84
661.jpg,630,561,353430,1.123,630,561
662.jpg,1360,1025,1394000,1.327,1360,1025
663.jpg,226,230,51980,0.983,230,226
664.jpg,128,96,12288,1.333,128,96
665.jpg,168,145,24360,1.159,168,145
666.jpg,253,231,58443,1.095,253,231
667.jpg,128,114,14592,1.123,128,114
668.jpg,100,77,7700,1.299,100,77
669.jpg,116,92,10672,1.261,116,92
670.jpg,178,103,18334,1.728,178,103
671.jpg,158,89,14062,1.775,158,89
672.jpg,436,302,131672,1.444,436,302
673.jpg,273,285,77805,0.958,285,273
674.jpg,144,134,19296,1.075,144,134
675.jpg,89,80,7120,1.113,89,80
676.jpg,272,212,57664,1.283,272,212
677.jpg,1254,1047,1312938,1.198,1254,1047
678.jpg,101,90,9090,1.122,101,90
679.jpg,293,254,74422,1.154,293,254
680.jpg,580,451,261580,1.286,580,451
681.jpg,580,451,261580,1.286,580,451
682.jpg,456,399,181944,1.143,456,399
683.jpg,212,172,36464,1.233,212,172
684.jpg,85,98,8330,0.867,98,85
685.jpg,125,108,13500,1.157,125,108
686.jpg,211,193,40723,1.093,211,193
687.jpg,156,109,17004,1.431,156,109
688.jpg,132,87,11484,1.517,132,87
689.jpg,293,254,74422,1.154,293,254
690.jpg,148,114,16872,1.298,148,114
691.jpg,158,113,17854,1.398,158,113
692.jpg,213,159,33867,1.34,213,159
693.jpg,125,151,18875,0.828,151,125
694.jpg,228,129,29412,1.767,228,129
695.jpg,142,116,16472,1.224,142,116
696.jpg,171,135,23085,1.267,171,135
697.jpg,133,89,11837,1.494,133,89
698.jpg,139,145,20155,0.959,145,139
699.jpg,100,77,7700,1.299,100,77
700.jpg,334,260,86840,1.285,334,260
701.jpg,113,112,12656,1.009,113,112
702.jpg,320,240,76800,1.333,320,240
703.jpg,598,349,208702,1.713,598,349
704.jpg,173,144,24912,1.201,173,144
705.jpg,183,175,32025,1.046,183,175
706.jpg,98,102,9996,0.961,102,98
707.jpg,745,469,349405,1.588,745,469
708.jpg,516,459,236844,1.124,516,459
709.jpg,268,220,58960,1.218,268,220
710.jpg,268,220,58960,1.218,268,220
711.jpg,149,137,20413,1.088,149,137
712.jpg,319,245,78155,1.302,319,245
713.jpg,346,329,113834,1.052,346,329
714.jpg,110,91,10010,1.209,110,91
715.jpg,269,164,44116,1.64,269,164
716.jpg,277,284,78668,0.975,284,277
717.jpg,679,549,372771,1.237,679,549
718.jpg,679,549,372771,1.237,679,549
719.jpg,356,206,73336,1.728,356,206
720.jpg,297,235,69795,1.264,297,235
721.jpg,144,109,15696,1.321,144,109
722.jpg,134,114,15276,1.175,134,114
723.jpg,213,141,30033,1.511,213,141
724.jpg,171,165,28215,1.036,171,165
725.jpg,124,91,11284,1.363,124,91
726.jpg,291,235,68385,1.238,291,235
727.jpg,120,105,12600,1.143,120,105
728.jpg,446,373,166358,1.196,446,373
729.jpg,176,103,18128,1.709,176,103
730.jpg,641,489,313449,1.311,641,489
731.jpg,471,409,192639,1.152,471,409
732.jpg,320,208,66560,1.538,320,208
733.jpg,715,444,317460,1.61,715,444
734.jpg,146,168,24528,0.869,168,146
735.jpg,156,110,17160,1.418,156,110
736.jpg,180,141,25380,1.277,180,141
737.jpg,195,137,26715,1.423,195,137
738.jpg,134,90,12060,1.489,134,90
739.jpg,223,189,42147,1.18,223,189
740.jpg,419,300,125700,1.397,419,300
741.jpg,246,145,35670,1.697,246,145
742.jpg,182,111,20202,1.64,182,111
743.jpg,129,84,10836,1.536,129,84
744.jpg,640,686,439040,0.933,686,640
745.jpg,118,79,9322,1.494,118,79
746.jpg,280,197,55160,1.421,280,197
747.jpg,288,201,57888,1.433,288,201
748.jpg,216,183,39528,1.18,216,183
749.jpg,244,152,37088,1.605,244,152
750.jpg,796,626,498296,1.272,796,626
751.jpg,176,174,30624,1.011,176,174
752.jpg,281,237,66597,1.186,281,237
753.jpg,147,92,13524,1.598,147,92
754.jpg,127,76,9652,1.671,127,76
755.jpg,282,177,49914,1.593,282,177
756.jpg,436,225,98100,1.938,436,225
757.jpg,213,127,27051,1.677,213,127
758.jpg,229,220,50380,1.041,229,220
759.jpg,624,337,210288,1.852,624,337
760.jpg,114,72,8208,1.583,114,72
761.jpg,132,80,10560,1.65,132,80
762.jpg,516,414,213624,1.246,516,414
763.jpg,352,244,85888,1.443,352,244
764.jpg,186,134,24924,1.388,186,134
765.jpg,143,91,13013,1.571,143,91
766.jpg,138,98,13524,1.408,138,98
767.jpg,414,302,125028,1.371,414,302
768.jpg,193,184,35512,1.049,193,184
769.jpg,225,218,49050,1.032,225,218
770.jpg,214,213,45582,1.005,214,213
771.jpg,151,91,13741,1.659,151,91
772.jpg,446,316,140936,1.411,446,316
773.jpg,354,277,98058,1.278,354,277
774.jpg,113,68,7684,1.662,113,68
775.jpg,567,446,252882,1.271,567,446
776.jpg,312,266,82992,1.173,312,266
777.jpg,143,99,14157,1.444,143,99
778.jpg,171,136,23256,1.257,171,136
779.jpg,308,331,101948,0.931,331,308
780.jpg,760,530,402800,1.434,760,530
781.jpg,142,86,12212,1.651,142,86
782.jpg,305,278,84790,1.097,305,278
783.jpg,480,413,198240,1.162,480,413
784.jpg,296,150,44400,1.973,296,150
785.jpg,267,229,61143,1.166,267,229
786.jpg,261,195,50895,1.338,261,195
787.jpg,275,237,65175,1.16,275,237
788.jpg,166,91,15106,1.824,166,91
789.jpg,140,124,17360,1.129,140,124
790.jpg,128,87,11136,1.471,128,87
791.jpg,126,74,9324,1.703,126,74
792.jpg,164,113,18532,1.451,164,113
793.jpg,139,84,11676,1.655,139,84
794.jpg,124,67,8308,1.851,124,67
795.jpg,640,607,388480,1.054,640,607
796.jpg,104,69,7176,1.507,104,69
797.jpg,168,268,45024,0.627,268,168
798.jpg,144,117,16848,1.231,144,117
799.jpg,369,252,92988,1.464,369,252
800.jpg,369,252,92988,1.464,369,252
801.jpg,117,97,11349,1.206,117,97
802.jpg,216,173,37368,1.249,216,173
803.jpg,135,302,40770,0.447,302,135
804.jpg,601,501,301101,1.2,601,501
805.jpg,149,120,17880,1.242,149,120
806.jpg,127,99,12573,1.283,127,99
807.jpg,427,314,134078,1.36,427,314
808.jpg,184,171,31464,1.076,184,171
809.jpg,232,270,62640,0.859,270,232
810.jpg,669,545,364605,1.228,669,545
811.jpg,192,162,31104,1.185,192,162
812.jpg,110,90,9900,1.222,110,90
813.jpg,214,198,42372,1.081,214,198
814.jpg,140,80,11200,1.75,140,80
815.jpg,112,87,9744,1.287,112,87
816.jpg,195,160,31200,1.219,195,160
817.jpg,605,509,307945,1.189,605,509
818.jpg,337,192,64704,1.755,337,192
819.jpg,202,218,44036,0.927,218,202
820.jpg,115,77,8855,1.494,115,77
821.jpg,242,180,43560,1.344,242,180
822.jpg,98,89,8722,1.101,98,89
823.jpg,255,186,47430,1.371,255,186
824.jpg,140,85,11900,1.647,140,85
825.jpg,145,126,18270,1.151,145,126
826.jpg,239,164,39196,1.457,239,164
827.jpg,359,253,90827,1.419,359,253
828.jpg,377,328,123656,1.149,377,328
829.jpg,295,271,79945,1.089,295,271
830.jpg,278,224,62272,1.241,278,224
831.jpg,202,235,47470,0.86,235,202
832.jpg,165,140,23100,1.179,165,140
833.jpg,355,282,100110,1.259,355,282
834.jpg,331,244,80764,1.357,331,244
835.jpg,194,188,36472,1.032,194,188
836.jpg,147,92,13524,1.598,147,92
837.jpg,368,268,98624,1.373,368,268
838.jpg,561,497,278817,1.129,561,497
839.jpg,129,73,9417,1.767,129,73
840.jpg,250,193,48250,1.295,250,193
841.jpg,119,89,10591,1.337,119,89
842.jpg,467,381,177927,1.226,467,381
843.jpg,362,315,114030,1.149,362,315
844.jpg,206,170,35020,1.212,206,170
845.jpg,186,144,26784,1.292,186,144
846.jpg,236,213,50268,1.108,236,213
847.jpg,170,144,24480,1.181,170,144
848.jpg,326,380,123880,0.858,380,326
849.jpg,124,209,25916,0.593,209,124
850.jpg,338,247,83486,1.368,338,247
851.jpg,261,278,72558,0.939,278,261
852.jpg,150,116,17400,1.293,150,116
853.jpg,247,201,49647,1.229,247,201
854.jpg,165,137,22605,1.204,165,137
855.jpg,316,236,74576,1.339,316,236
856.jpg,249,339,84411,0.735,339,249
857.jpg,147,102,14994,1.441,147,102
858.jpg,597,567,338499,1.053,597,567
859.jpg,157,140,21980,1.121,157,140
860.jpg,661,557,368177,1.187,661,557
861.jpg,661,557,368177,1.187,661,557
862.jpg,419,268,112292,1.563,419,268
863.jpg,217,120,26040,1.808,217,120
864.jpg,247,195,48165,1.267,247,195
865.jpg,180,141,25380,1.277,180,141
866.jpg,231,186,42966,1.242,231,186
867.jpg,204,235,47940,0.868,235,204
868.jpg,437,316,138092,1.383,437,316
869.jpg,810,652,528120,1.242,810,652
870.jpg,161,77,12397,2.091,161,77
871.jpg,521,403,209963,1.293,521,403
872.jpg,414,302,125028,1.371,414,302
873.jpg,149,98,14602,1.52,149,98
874.jpg,228,161,36708,1.416,228,161
875.jpg,242,217,52514,1.115,242,217
876.jpg,205,146,29930,1.404,205,146
877.jpg,141,81,11421,1.741,141,81
878.jpg,256,180,46080,1.422,256,180
879.jpg,948,806,764088,1.176,948,806
880.jpg,224,159,35616,1.409,224,159
881.jpg,607,507,307749,1.197,607,507
882.jpg,374,280,104720,1.336,374,280
883.jpg,308,231,71148,1.333,308,231
884.jpg,308,231,71148,1.333,308,231
885.jpg,209,229,47861,0.913,229,209
886.jpg,444,312,138528,1.423,444,312
887.jpg,205,164,33620,1.25,205,164
888.jpg,557,391,217787,1.425,557,391
889.jpg,892,865,771580,1.031,892,865
890.jpg,213,174,37062,1.224,213,174
891.jpg,275,223,61325,1.233,275,223
892.jpg,147,124,18228,1.185,147,124
893.jpg,397,340,134980,1.168,397,340
894.jpg,214,196,41944,1.092,214,196
895.jpg,458,301,137858,1.522,458,301
896.jpg,136,91,12376,1.495,136,91
897.jpg,537,807,433359,0.665,807,537
898.jpg,210,181,38010,1.16,210,181
899.jpg,217,127,27559,1.709,217,127
900.jpg,363,288,104544,1.26,363,288
901.jpg,290,242,70180,1.198,290,242
902.jpg,290,242,70180,1.198,290,242
903.jpg,191,128,24448,1.492,191,128
904.jpg,157,124,19468,1.266,157,124
905.jpg,189,152,28728,1.243,189,152
906.jpg,413,326,134638,1.267,413,326
907.jpg,189,189,35721,1.0,189,189
908.jpg,253,199,50347,1.271,253,199
909.jpg,333,276,91908,1.207,333,276
910.jpg,159,117,18603,1.359,159,117
911.jpg,166,161,26726,1.031,166,161
912.jpg,119,102,12138,1.167,119,102
913.jpg,230,207,47610,1.111,230,207
914.jpg,671,547,367037,1.227,671,547
915.jpg,179,151,27029,1.185,179,151
916.jpg,437,341,149017,1.282,437,341
917.jpg,296,177,52392,1.672,296,177
918.jpg,102,87,8874,1.172,102,87
919.jpg,120,73,8760,1.644,120,73
920.jpg,123,67,8241,1.836,123,67
921.jpg,148,97,14356,1.526,148,97
922.jpg,147,128,18816,1.148,147,128
923.jpg,215,168,36120,1.28,215,168
924.jpg,215,168,36120,1.28,215,168
925.jpg,1105,640,707200,1.727,1105,640
926.jpg,335,278,93130,1.205,335,278
927.jpg,365,208,75920,1.755,365,208
928.jpg,365,208,75920,1.755,365,208
929.jpg,579,417,241443,1.388,579,417
930.jpg,845,645,545025,1.31,845,645
931.jpg,433,362,156746,1.196,433,362
932.jpg,619,584,361496,1.06,619,584
933.jpg,243,139,33777,1.748,243,139
934.jpg,347,288,99936,1.205,347,288
935.jpg,128,92,11776,1.391,128,92
936.jpg,167,173,28891,0.965,173,167
937.jpg,215,116,24940,1.853,215,116
938.jpg,248,128,31744,1.938,248,128
939.jpg,426,365,155490,1.167,426,365
940.jpg,333,276,91908,1.207,333,276
941.jpg,129,78,10062,1.654,129,78
942.jpg,354,266,94164,1.331,354,266
943.jpg,107,92,9844,1.163,107,92
944.jpg,256,146,37376,1.753,256,146
945.jpg,279,224,62496,1.246,279,224
946.jpg,143,132,18876,1.083,143,132
947.jpg,376,295,110920,1.275,376,295
948.jpg,227,185,41995,1.227,227,185
949.jpg,143,86,12298,1.663,143,86
950.jpg,222,192,42624,1.156,222,192
951.jpg,185,150,27750,1.233,185,150
952.jpg,530,522,276660,1.015,530,522
953.jpg,176,70,12320,2.514,176,70
954.jpg,354,284,100536,1.246,354,284
955.jpg,497,417,207249,1.192,497,417
956.jpg,497,417,207249,1.192,497,417
957.jpg,185,173,32005,1.069,185,173
958.jpg,237,206,48822,1.15,237,206
959.jpg,144,89,12816,1.618,144,89
960.jpg,720,672,483840,1.071,720,672
961.jpg,85,117,9945,0.726,117,85
962.jpg,234,193,45162,1.212,234,193
963.jpg,107,90,9630,1.189,107,90
964.jpg,110,88,9680,1.25,110,88
965.jpg,169,145,24505,1.166,169,145
966.jpg,309,254,78486,1.217,309,254
967.jpg,428,342,146376,1.251,428,342
968.jpg,238,153,36414,1.556,238,153
969.jpg,137,80,10960,1.712,137,80
970.jpg,138,125,17250,1.104,138,125
971.jpg,134,71,9514,1.887,134,71
972.jpg,148,115,17020,1.287,148,115
973.jpg,264,165,43560,1.6,264,165
974.jpg,212,128,27136,1.656,212,128
975.jpg,144,105,15120,1.371,144,105
976.jpg,97,68,6596,1.426,97,68
977.jpg,491,429,210639,1.145,491,429
978.jpg,125,80,10000,1.562,125,80
979.jpg,383,290,111070,1.321,383,290
980.jpg,191,137,26167,1.394,191,137
981.jpg,176,164,28864,1.073,176,164
982.jpg,144,89,12816,1.618,144,89
983.jpg,208,112,23296,1.857,208,112
984.jpg,402,301,121002,1.336,402,301
985.jpg,176,103,18128,1.709,176,103
986.jpg,118,85,10030,1.388,118,85
987.jpg,145,103,14935,1.408,145,103
988.jpg,550,387,212850,1.421,550,387
989.jpg,311,282,87702,1.103,311,282
990.jpg,110,92,10120,1.196,110,92
991.jpg,349,273,95277,1.278,349,273
992.jpg,355,277,98335,1.282,355,277
993.jpg,97,75,7275,1.293,97,75
994.jpg,129,93,11997,1.387,129,93
995.jpg,145,116,16820,1.25,145,116
996.jpg,421,342,143982,1.231,421,342
997.jpg,146,86,12556,1.698,146,86
998.jpg,651,449,292299,1.45,651,449
999.jpg,352,258,90816,1.364,352,258
1000.jpg,107,81,8667,1.321,107,81
1001.jpg,99,87,8613,1.138,99,87
1002.jpg,102,112,11424,0.911,112,102
1003.jpg,127,125,15875,1.016,127,125
1004.jpg,238,205,48790,1.161,238,205
1005.jpg,157,141,22137,1.113,157,141
1006.jpg,381,281,107061,1.356,381,281
1007.jpg,250,176,44000,1.42,250,176
1008.jpg,143,86,12298,1.663,143,86
1009.jpg,234,174,40716,1.345,234,174
1010.jpg,100,85,8500,1.176,100,85
1011.jpg,161,182,29302,0.885,182,161
1012.jpg,120,137,16440,0.876,137,120
1013.jpg,234,174,40716,1.345,234,174
1014.jpg,167,99,16533,1.687,167,99
1015.jpg,208,170,35360,1.224,208,170
1016.jpg,146,90,13140,1.622,146,90
1017.jpg,163,89,14507,1.831,163,89
1018.jpg,229,206,47174,1.112,229,206
1019.jpg,97,75,7275,1.293,97,75
1020.jpg,137,113,15481,1.212,137,113
1021.jpg,259,253,65527,1.024,259,253
1022.jpg,115,81,9315,1.42,115,81
1023.jpg,118,85,10030,1.388,118,85
1024.jpg,315,278,87570,1.133,315,278
1025.jpg,361,282,101802,1.28,361,282
1026.jpg,392,212,83104,1.849,392,212
1027.jpg,194,165,32010,1.176,194,165
1028.jpg,113,92,10396,1.228,113,92
1029.jpg,164,144,23616,1.139,164,144
1030.jpg,255,231,58905,1.104,255,231
1031.jpg,206,124,25544,1.661,206,124
1032.jpg,179,87,15573,2.057,179,87
1033.jpg,203,181,36743,1.122,203,181
1034.jpg,126,110,13860,1.145,126,110
1035.jpg,147,104,15288,1.413,147,104
1036.jpg,140,85,11900,1.647,140,85
1037.jpg,224,152,34048,1.474,224,152
1038.jpg,105,77,8085,1.364,105,77
1039.jpg,168,176,29568,0.955,176,168
1040.jpg,188,97,18236,1.938,188,97
1041.jpg,141,116,16356,1.216,141,116
1042.jpg,147,116,17052,1.267,147,116
1043.jpg,208,187,38896,1.112,208,187
1044.jpg,244,170,41480,1.435,244,170
1045.jpg,232,223,51736,1.04,232,223
1046.jpg,215,195,41925,1.103,215,195
1047.jpg,623,697,434231,0.894,697,623
1048.jpg,300,258,77400,1.163,300,258
1049.jpg,266,338,89908,0.787,338,266
1050.jpg,1000,606,606000,1.65,1000,606
1051.jpg,1439,1141,1641899,1.261,1439,1141
1052.jpg,1793,1368,2452824,1.311,1793,1368
1053.jpg,1704,1431,2438424,1.191,1704,1431
1054.jpg,1344,975,1310400,1.378,1344,975
1055.jpg,1416,1193,1689288,1.187,1416,1193
1056.jpg,595,352,209440,1.69,595,352
1057.jpg,1537,904,1389448,1.7,1537,904
1058.jpg,1579,1288,2033752,1.226,1579,1288
1059.jpg,1468,1229,1804172,1.194,1468,1229
1060.jpg,1872,1851,3465072,1.011,1872,1851
1061.jpg,1698,1586,2693028,1.071,1698,1586
1062.jpg,1078,804,866712,1.341,1078,804
1063.jpg,2053,1680,3449040,1.222,2053,1680
1064.jpg,1992,1560,3107520,1.277,1992,1560
1065.jpg,1550,1183,1833650,1.31,1550,1183
1066.jpg,1219,985,1200715,1.238,1219,985
1067.jpg,1695,1087,1842465,1.559,1695,1087
1068.jpg,1801,1494,2690694,1.205,1801,1494
1069.jpg,2127,1861,3958347,1.143,2127,1861
1070.jpg,1593,1263,2011959,1.261,1593,1263
1071.jpg,1773,1225,2171925,1.447,1773,1225
1072.jpg,1532,772,1182704,1.984,1532,772
1073.jpg,2200,1501,3302200,1.466,2200,1501
1074.jpg,1360,1105,1502800,1.231,1360,1105
1075.jpg,881,528,465168,1.669,881,528
1076.jpg,806,636,512616,1.267,806,636
1077.jpg,1223,645,788835,1.896,1223,645
1078.jpg,1459,596,869564,2.448,1459,596
1079.jpg,1541,1004,1547164,1.535,1541,1004
1080.jpg,1738,1025,1781450,1.696,1738,1025
1081.jpg,1236,925,1143300,1.336,1236,925
1082.jpg,907,676,613132,1.342,907,676
1083.jpg,929,576,535104,1.613,929,576
1084.jpg,760,433,329080,1.755,760,433
1085.jpg,780,499,389220,1.563,780,499
1086.jpg,820,435,356700,1.885,820,435
1087.jpg,1462,1144,1672528,1.278,1462,1144
1088.jpg,1085,644,698740,1.685,1085,644
1089.jpg,1201,714,857514,1.682,1201,714
1090.jpg,1264,805,1017520,1.57,1264,805
1091.jpg,1518,879,1334322,1.727,1518,879
1092.jpg,1649,1266,2087634,1.303,1649,1266
1093.jpg,1159,698,808982,1.66,1159,698
1094.jpg,1352,776,1049152,1.742,1352,776
1095.jpg,1023,559,571857,1.83,1023,559
1096.jpg,767,485,371995,1.581,767,485
1097.jpg,392,248,97216,1.581,392,248
1098.jpg,1652,1032,1704864,1.601,1652,1032
1099.jpg,766,531,406746,1.443,766,531
1100.jpg,1353,990,1339470,1.367,1353,990
1101.jpg,1917,1075,2060775,1.783,1917,1075
1102.jpg,719,768,552192,0.936,768,719
1103.jpg,1182,794,938508,1.489,1182,794
1104.jpg,1112,812,902944,1.369,1112,812
1105.jpg,712,350,249200,2.034,712,350
1106.jpg,630,576,362880,1.094,630,576
1107.jpg,1771,1020,1806420,1.736,1771,1020
1108.jpg,732,496,363072,1.476,732,496
1109.jpg,743,904,671672,0.822,904,743
1110.jpg,1959,1028,2013852,1.906,1959,1028
1111.jpg,1344,774,1040256,1.736,1344,774
1112.jpg,1141,615,701715,1.855,1141,615
1113.jpg,1091,637,694967,1.713,1091,637
1114.jpg,1375,795,1093125,1.73,1375,795
1115.jpg,1388,692,960496,2.006,1388,692
1116.jpg,1005,435,437175,2.31,1005,435
1117.jpg,1307,1261,1648127,1.036,1307,1261
1118.jpg,617,943,581831,0.654,943,617
1119.jpg,1670,1236,2064120,1.351,1670,1236
1120.jpg,1337,1048,1401176,1.276,1337,1048
1121.jpg,956,686,655816,1.394,956,686
1122.jpg,1917,1128,2162376,1.699,1917,1128
1123.jpg,1305,857,1118385,1.523,1305,857
1124.jpg,1105,837,924885,1.32,1105,837
1125.jpg,1255,915,1148325,1.372,1255,915
1126.jpg,1025,684,701100,1.499,1025,684
1127.jpg,517,421,217657,1.228,517,421
1128.jpg,719,439,315641,1.638,719,439
1129.jpg,631,379,239149,1.665,631,379
1130.jpg,1225,876,1073100,1.398,1225,876
1131.jpg,1332,712,948384,1.871,1332,712
1132.jpg,1102,880,969760,1.252,1102,880
1133.jpg,1328,817,1084976,1.625,1328,817
1134.jpg,1977,1176,2324952,1.681,1977,1176
1135.jpg,1411,857,1209227,1.646,1411,857
1136.jpg,1592,955,1520360,1.667,1592,955
1137.jpg,1572,937,1472964,1.678,1572,937
1138.jpg,1483,1058,1569014,1.402,1483,1058
1139.jpg,789,494,389766,1.597,789,494
1140.jpg,1873,981,1837413,1.909,1873,981
1141.jpg,1310,955,1251050,1.372,1310,955
1142.jpg,2514,966,2428524,2.602,2514,966
1143.jpg,1299,1062,1379538,1.223,1299,1062
1144.jpg,1123,607,681661,1.85,1123,607
1145.jpg,1757,837,1470609,2.099,1757,837
1146.jpg,1731,953,1649643,1.816,1731,953
1147.jpg,2236,663,1482468,3.373,2236,663
1148.jpg,1595,965,1539175,1.653,1595,965
1149.jpg,1486,897,1332942,1.657,1486,897
1150.jpg,860,530,455800,1.623,860,530
1151.jpg,2060,1218,2509080,1.691,2060,1218
1152.jpg,1305,902,1177110,1.447,1305,902
1153.jpg,1423,951,1353273,1.496,1423,951
1154.jpg,1933,1180,2280940,1.638,1933,1180
1155.jpg,1314,853,1120842,1.54,1314,853
1156.jpg,1411,816,1151376,1.729,1411,816
1157.jpg,1695,1266,2145870,1.339,1695,1266
1158.jpg,1072,868,930496,1.235,1072,868
1159.jpg,1116,696,776736,1.603,1116,696
1160.jpg,1518,903,1370754,1.681,1518,903
1161.jpg,823,463,381049,1.778,823,463
1162.jpg,1295,852,1103340,1.52,1295,852
1163.jpg,1268,679,860972,1.867,1268,679
1164.jpg,1402,883,1237966,1.588,1402,883
1165.jpg,1364,848,1156672,1.608,1364,848
1166.jpg,1004,783,786132,1.282,1004,783
1167.jpg,920,896,824320,1.027,920,896
1168.jpg,1160,1177,1365320,0.986,1177,1160
1169.jpg,1145,907,1038515,1.262,1145,907
1170.jpg,1867,1204,2247868,1.551,1867,1204
1171.jpg,1651,1123,1854073,1.47,1651,1123
1172.jpg,920,482,443440,1.909,920,482
1173.jpg,1280,974,1246720,1.314,1280,974
1174.jpg,1491,1129,1683339,1.321,1491,1129
1175.jpg,1988,1241,2467108,1.602,1988,1241
1176.jpg,1390,1004,1395560,1.384,1390,1004
1177.jpg,1644,1029,1691676,1.598,1644,1029
1178.jpg,1878,1027,1928706,1.829,1878,1027
1179.jpg,1679,986,1655494,1.703,1679,986
1180.jpg,1567,917,1436939,1.709,1567,917
1181.jpg,2029,1434,2909586,1.415,2029,1434
1182.jpg,723,533,385359,1.356,723,533
1183.jpg,1778,1005,1786890,1.769,1778,1005
1184.jpg,1638,1183,1937754,1.385,1638,1183
1185.jpg,1860,872,1621920,2.133,1860,872
1186.jpg,1137,625,710625,1.819,1137,625
1187.jpg,1322,876,1158072,1.509,1322,876
1188.jpg,1345,748,1006060,1.798,1345,748
1189.jpg,1845,1104,2036880,1.671,1845,1104
1190.jpg,2146,1316,2824136,1.631,2146,1316
1191.jpg,1435,1125,1614375,1.276,1435,1125
1192.jpg,1301,979,1273679,1.329,1301,979
1193.jpg,737,435,320595,1.694,737,435
1194.jpg,1162,818,950516,1.421,1162,818
1195.jpg,1119,714,798966,1.567,1119,714
1196.jpg,2296,1038,2383248,2.212,2296,1038
1197.jpg,2775,1430,3968250,1.941,2775,1430
1198.jpg,1531,952,1457512,1.608,1531,952
1199.jpg,1558,1024,1595392,1.521,1558,1024
1200.jpg,2236,1252,2799472,1.786,2236,1252
1201.jpg,2164,1560,3375840,1.387,2164,1560
1202.jpg,2338,2011,4701718,1.163,2338,2011
1203.jpg,881,588,518028,1.498,881,588
1204.jpg,2637,1843,4859991,1.431,2637,1843
1205.jpg,2555,1088,2779840,2.348,2555,1088
1206.jpg,1989,1027,2042703,1.937,1989,1027
1207.jpg,1405,873,1226565,1.609,1405,873
1208.jpg,1958,1309,2563022,1.496,1958,1309
1209.jpg,1776,1029,1827504,1.726,1776,1029
1210.jpg,1874,1143,2141982,1.64,1874,1143
1211.jpg,1512,817,1235304,1.851,1512,817
1212.jpg,1972,1537,3030964,1.283,1972,1537
1213.jpg,1810,1206,2182860,1.501,1810,1206
1214.jpg,1139,620,706180,1.837,1139,620
1215.jpg,1579,986,1556894,1.601,1579,986
1216.jpg,1108,1264,1400512,0.877,1264,1108
1217.jpg,1844,1551,2860044,1.189,1844,1551
1218.jpg,1512,932,1409184,1.622,1512,932
1219.jpg,1800,1277,2298600,1.41,1800,1277
1220.jpg,541,517,279697,1.046,541,517
1221.jpg,564,547,308508,1.031,564,547
1222.jpg,408,378,154224,1.079,408,378
1223.jpg,873,547,477531,1.596,873,547
1224.jpg,808,613,495304,1.318,808,613
1225.jpg,424,483,204792,0.878,483,424
1226.jpg,398,328,130544,1.213,398,328
1227.jpg,585,500,292500,1.17,585,500
1228.jpg,750,699,524250,1.073,750,699
1229.jpg,654,415,271410,1.576,654,415
1230.jpg,471,498,234558,0.946,498,471
1231.jpg,825,688,567600,1.199,825,688
1232.jpg,423,300,126900,1.41,423,300
1233.jpg,997,633,631101,1.575,997,633
1234.jpg,388,253,98164,1.534,388,253
1235.jpg,275,170,46750,1.618,275,170
1236.jpg,387,290,112230,1.334,387,290
1237.jpg,771,474,365454,1.627,771,474
1238.jpg,602,439,264278,1.371,602,439
1239.jpg,684,569,389196,1.202,684,569
1240.jpg,793,520,412360,1.525,793,520
1241.jpg,850,535,454750,1.589,850,535
1242.jpg,576,397,228672,1.451,576,397
1243.jpg,501,326,163326,1.537,501,326
1244.jpg,1746,853,1489338,2.047,1746,853
1245.jpg,580,453,262740,1.28,580,453
1246.jpg,457,339,154923,1.348,457,339
1247.jpg,638,352,224576,1.812,638,352
1248.jpg,794,446,354124,1.78,794,446
1249.jpg,624,401,250224,1.556,624,401
1250.jpg,342,243,83106,1.407,342,243
1251.jpg,1287,808,1039896,1.593,1287,808
1252.jpg,576,456,262656,1.263,576,456
1253.jpg,487,387,188469,1.258,487,387
1254.jpg,647,444,287268,1.457,647,444
1255.jpg,1135,844,957940,1.345,1135,844
1256.jpg,534,362,193308,1.475,534,362
1257.jpg,513,369,189297,1.39,513,369
1258.jpg,402,258,103716,1.558,402,258
1259.jpg,1323,753,996219,1.757,1323,753
1260.jpg,378,255,96390,1.482,378,255
1261.jpg,520,384,199680,1.354,520,384
1262.jpg,816,627,511632,1.301,816,627
1263.jpg,905,547,495035,1.654,905,547
1264.jpg,981,669,656289,1.466,981,669
1265.jpg,886,483,427938,1.834,886,483
1266.jpg,499,356,177644,1.402,499,356
1267.jpg,568,363,206184,1.565,568,363
1268.jpg,881,564,496884,1.562,881,564
1269.jpg,561,372,208692,1.508,561,372
1270.jpg,518,368,190624,1.408,518,368
1271.jpg,823,509,418907,1.617,823,509
1272.jpg,690,440,303600,1.568,690,440
1273.jpg,651,403,262353,1.615,651,403
1274.jpg,782,552,431664,1.417,782,552
1275.jpg,682,421,287122,1.62,682,421
1276.jpg,846,736,622656,1.149,846,736
1277.jpg,738,457,337266,1.615,738,457
1278.jpg,454,600,272400,0.757,600,454
1279.jpg,295,367,108265,0.804,367,295
1280.jpg,457,489,223473,0.935,489,457
1281.jpg,274,210,57540,1.305,274,210
1282.jpg,817,737,602129,1.109,817,737
1283.jpg,859,676,580684,1.271,859,676
1284.jpg,478,325,155350,1.471,478,325
1285.jpg,343,222,76146,1.545,343,222
1286.jpg,510,317,161670,1.609,510,317
1287.jpg,569,380,216220,1.497,569,380
1288.jpg,396,344,136224,1.151,396,344
1289.jpg,489,283,138387,1.728,489,283
1290.jpg,287,230,66010,1.248,287,230
1291.jpg,1110,809,897990,1.372,1110,809
1292.jpg,474,328,155472,1.445,474,328
1293.jpg,498,337,167826,1.478,498,337
1294.jpg,377,234,88218,1.611,377,234
1295.jpg,265,216,57240,1.227,265,216
1296.jpg,205,163,33415,1.258,205,163
1297.jpg,326,243,79218,1.342,326,243
1298.jpg,390,495,193050,0.788,495,390
1299.jpg,993,674,669282,1.473,993,674
1300.jpg,406,362,146972,1.122,406,362
1301.jpg,428,307,131396,1.394,428,307
1302.jpg,236,139,32804,1.698,236,139
1303.jpg,337,230,77510,1.465,337,230
1304.jpg,362,273,98826,1.326,362,273
1305.jpg,956,554,529624,1.726,956,554
1306.jpg,446,317,141382,1.407,446,317
1307.jpg,429,330,141570,1.3,429,330
1308.jpg,409,264,107976,1.549,409,264
1309.jpg,352,259,91168,1.359,352,259
1310.jpg,118,85,10030,1.388,118,85
1311.jpg,97,68,6596,1.426,97,68
1312.jpg,97,93,9021,1.043,97,93
1313.jpg,140,85,11900,1.647,140,85
1314.jpg,115,81,9315,1.42,115,81
1315.jpg,132,81,10692,1.63,132,81
1316.jpg,1028,528,542784,1.947,1028,528
1317.jpg,342,320,109440,1.069,342,320
1318.jpg,116,105,12180,1.105,116,105
1319.jpg,123,97,11931,1.268,123,97
1320.jpg,101,73,7373,1.384,101,73
1321.jpg,123,100,12300,1.23,123,100
1322.jpg,114,66,7524,1.727,114,66
1323.jpg,312,231,72072,1.351,312,231
1324.jpg,1043,592,617456,1.762,1043,592
1325.jpg,137,74,10138,1.851,137,74
1326.jpg,111,123,13653,0.902,123,111
1327.jpg,146,187,27302,0.781,187,146
1328.jpg,236,213,50268,1.108,236,213
1329.jpg,139,87,12093,1.598,139,87
1330.jpg,530,522,276660,1.015,530,522
1331.jpg,1338,796,1065048,1.681,1338,796
1332.jpg,140,85,11900,1.647,140,85
1333.jpg,97,68,6596,1.426,97,68
1334.jpg,91,92,8372,0.989,92,91
1335.jpg,148,85,12580,1.741,148,85
1336.jpg,447,288,128736,1.552,447,288
1337.jpg,1511,953,1439983,1.586,1511,953
1338.jpg,356,295,105020,1.207,356,295
1339.jpg,97,68,6596,1.426,97,68
1340.jpg,111,87,9657,1.276,111,87
1341.jpg,150,102,15300,1.471,150,102
1342.jpg,112,89,9968,1.258,112,89
1343.jpg,324,281,91044,1.153,324,281
1344.jpg,103,88,9064,1.17,103,88
1345.jpg,114,100,11400,1.14,114,100
1346.jpg,235,237,55695,0.992,237,235
1347.jpg,154,120,18480,1.283,154,120
1348.jpg,1303,747,973341,1.744,1303,747
1349.jpg,301,246,74046,1.224,301,246
1350.jpg,183,123,22509,1.488,183,123
1351.jpg,362,316,114392,1.146,362,316
1352.jpg,137,128,17536,1.07,137,128
1353.jpg,164,101,16564,1.624,164,101
1354.jpg,96,81,7776,1.185,96,81
1355.jpg,1216,689,837824,1.765,1216,689
1356.jpg,332,281,93292,1.181,332,281
1357.jpg,127,75,9525,1.693,127,75
1358.jpg,173,156,26988,1.109,173,156
1359.jpg,101,102,10302,0.99,102,101
1360.jpg,1527,725,1107075,2.106,1527,725
1361.jpg,124,90,11160,1.378,124,90
1362.jpg,156,86,13416,1.814,156,86
1363.jpg,707,382,270074,1.851,707,382
1364.jpg,96,115,11040,0.835,115,96
1365.jpg,138,77,10626,1.792,138,77
1366.jpg,195,110,21450,1.773,195,110
1367.jpg,118,85,10030,1.388,118,85
1368.jpg,1239,771,955269,1.607,1239,771
1369.jpg,125,160,20000,0.781,160,125
1370.jpg,107,76,8132,1.408,107,76
1371.jpg,286,220,62920,1.3,286,220
1372.jpg,111,123,13653,0.902,123,111
1373.jpg,214,138,29532,1.551,214,138
1374.jpg,1554,926,1439004,1.678,1554,926
1375.jpg,133,76,10108,1.75,133,76
1376.jpg,123,99,12177,1.242,123,99
1377.jpg,97,75,7275,1.293,97,75
1378.jpg,96,137,13152,0.701,137,96
1379.jpg,1358,748,1015784,1.816,1358,748
1380.jpg,200,161,32200,1.242,200,161
1381.jpg,89,101,8989,0.881,101,89
1382.jpg,602,433,260666,1.39,602,433
1383.jpg,332,352,116864,0.943,352,332
1384.jpg,147,92,13524,1.598,147,92
1385.jpg,1498,1161,1739178,1.29,1498,1161
1386.jpg,127,84,10668,1.512,127,84
1387.jpg,103,98,10094,1.051,103,98
1388.jpg,141,80,11280,1.762,141,80
1389.jpg,193,175,33775,1.103,193,175
1390.jpg,116,74,8584,1.568,116,74
1391.jpg,111,87,9657,1.276,111,87
1392.jpg,113,78,8814,1.449,113,78
1393.jpg,392,333,130536,1.177,392,333
1394.jpg,96,81,7776,1.185,96,81
1395.jpg,536,331,177416,1.619,536,331
1396.jpg,1056,805,850080,1.312,1056,805
1397.jpg,253,228,57684,1.11,253,228
1398.jpg,113,78,8814,1.449,113,78
1399.jpg,138,87,12006,1.586,138,87
1400.jpg,398,331,131738,1.202,398,331
1401.jpg,150,126,18900,1.19,150,126
1402.jpg,403,400,161200,1.008,403,400
1403.jpg,1330,713,948290,1.865,1330,713
1404.jpg,128,64,8192,2.0,128,64
1405.jpg,105,80,8400,1.312,105,80
1406.jpg,114,116,13224,0.983,116,114
1407.jpg,236,86,20296,2.744,236,86
1408.jpg,208,187,38896,1.112,208,187
1409.jpg,1307,736,961952,1.776,1307,736
1410.jpg,227,196,44492,1.158,227,196
1411.jpg,158,75,11850,2.107,158,75
1412.jpg,125,132,16500,0.947,132,125
1413.jpg,135,84,11340,1.607,135,84
1414.jpg,122,74,9028,1.649,122,74
1415.jpg,121,112,13552,1.08,121,112
1416.jpg,509,405,206145,1.257,509,405
1417.jpg,1152,656,755712,1.756,1152,656
1418.jpg,116,117,13572,0.991,117,116
1419.jpg,140,138,19320,1.014,140,138
1420.jpg,125,74,9250,1.689,125,74
1421.jpg,103,93,9579,1.108,103,93
1422.jpg,1614,903,1457442,1.787,1614,903
1423.jpg,164,122,20008,1.344,164,122
1424.jpg,97,75,7275,1.293,97,75
1425.jpg,143,86,12298,1.663,143,86
1426.jpg,76,76,5776,1.0,76,76
1427.jpg,150,90,13500,1.667,150,90
1428.jpg,1088,678,737664,1.605,1088,678
1429.jpg,193,175,33775,1.103,193,175
1430.jpg,717,566,405822,1.267,717,566
1431.jpg,129,101,13029,1.277,129,101
1432.jpg,546,522,285012,1.046,546,522
1433.jpg,137,108,14796,1.269,137,108
1434.jpg,204,170,34680,1.2,204,170
1435.jpg,554,534,295836,1.037,554,534
1436.jpg,106,78,8268,1.359,106,78
1437.jpg,113,78,8814,1.449,113,78
1438.jpg,76,76,5776,1.0,76,76
1439.jpg,139,75,10425,1.853,139,75
1440.jpg,128,74,9472,1.73,128,74
1441.jpg,215,171,36765,1.257,215,171
1442.jpg,1140,642,731880,1.776,1140,642
1443.jpg,115,100,11500,1.15,115,100
1444.jpg,125,132,16500,0.947,132,125
1445.jpg,142,90,12780,1.578,142,90
1446.jpg,141,81,11421,1.741,141,81
1447.jpg,97,68,6596,1.426,97,68
1448.jpg,656,361,236816,1.817,656,361
1449.jpg,177,133,23541,1.331,177,133
1450.jpg,381,451,171831,0.845,451,381
1451.jpg,302,269,81238,1.123,302,269
1452.jpg,318,285,90630,1.116,318,285
1453.jpg,140,78,10920,1.795,140,78
1454.jpg,282,219,61758,1.288,282,219
1455.jpg,499,306,152694,1.631,499,306
1456.jpg,127,75,9525,1.693,127,75
1457.jpg,207,173,35811,1.197,207,173
1458.jpg,156,136,21216,1.147,156,136
1459.jpg,96,81,7776,1.185,96,81
1460.jpg,530,522,276660,1.015,530,522
1461.jpg,311,282,87702,1.103,311,282
1462.jpg,875,494,432250,1.771,875,494
1463.jpg,194,128,24832,1.516,194,128
1464.jpg,137,140,19180,0.979,140,137
1465.jpg,208,184,38272,1.13,208,184
1466.jpg,673,566,380918,1.189,673,566
1467.jpg,134,85,11390,1.576,134,85
1468.jpg,138,114,15732,1.211,138,114
1469.jpg,1035,612,633420,1.691,1035,612
1470.jpg,443,342,151506,1.295,443,342
1471.jpg,126,110,13860,1.145,126,110
1472.jpg,270,225,60750,1.2,270,225
1473.jpg,214,154,32956,1.39,214,154
1474.jpg,434,354,153636,1.226,434,354
1475.jpg,361,296,106856,1.22,361,296
1476.jpg,286,244,69784,1.172,286,244
1477.jpg,167,113,18871,1.478,167,113
1478.jpg,304,220,66880,1.382,304,220
1479.jpg,816,537,438192,1.52,816,537
1480.jpg,288,254,73152,1.134,288,254
1481.jpg,211,109,22999,1.936,211,109
1482.jpg,154,134,20636,1.149,154,134
1483.jpg,125,73,9125,1.712,125,73
1484.jpg,140,124,17360,1.129,140,124
1485.jpg,112,100,11200,1.12,112,100
1486.jpg,162,146,23652,1.11,162,146
1487.jpg,1018,564,574152,1.805,1018,564
1488.jpg,206,162,33372,1.272,206,162
1489.jpg,143,105,15015,1.362,143,105
1490.jpg,112,102,11424,1.098,112,102
1491.jpg,690,560,386400,1.232,690,560
1492.jpg,144,91,13104,1.582,144,91
1493.jpg,156,102,15912,1.529,156,102
1494.jpg,166,98,16268,1.694,166,98
1495.jpg,122,218,26596,0.56,218,122
1496.jpg,379,326,123554,1.163,379,326
1497.jpg,893,481,429533,1.857,893,481
1498.jpg,223,175,39025,1.274,223,175
1499.jpg,168,104,17472,1.615,168,104
1500.jpg,205,139,28495,1.475,205,139
1501.jpg,217,103,22351,2.107,217,103
1502.jpg,254,160,40640,1.587,254,160
1503.jpg,231,145,33495,1.593,231,145
1504.jpg,249,145,36105,1.717,249,145
1505.jpg,1916,1017,1948572,1.884,1916,1017
1506.jpg,168,86,14448,1.953,168,86
1507.jpg,107,108,11556,0.991,108,107
1508.jpg,164,102,16728,1.608,164,102
1509.jpg,171,101,17271,1.693,171,101
1510.jpg,167,109,18203,1.532,167,109
1511.jpg,147,93,13671,1.581,147,93
1512.jpg,126,77,9702,1.636,126,77
1513.jpg,1332,734,977688,1.815,1332,734
1514.jpg,151,93,14043,1.624,151,93
1515.jpg,230,152,34960,1.513,230,152
1516.jpg,121,84,10164,1.44,121,84
1517.jpg,157,93,14601,1.688,157,93
1518.jpg,125,86,10750,1.453,125,86
1519.jpg,123,79,9717,1.557,123,79
1520.jpg,1199,697,835703,1.72,1199,697
1521.jpg,171,101,17271,1.693,171,101
1522.jpg,288,195,56160,1.477,288,195
1523.jpg,128,105,13440,1.219,128,105
1524.jpg,123,105,12915,1.171,123,105
1525.jpg,132,91,12012,1.451,132,91
1526.jpg,232,158,36656,1.468,232,158
1527.jpg,1228,823,1010644,1.492,1228,823
1528.jpg,132,98,12936,1.347,132,98
1529.jpg,153,153,23409,1.0,153,153
1530.jpg,621,377,234117,1.647,621,377
1531.jpg,147,133,19551,1.105,147,133
1532.jpg,135,110,14850,1.227,135,110
1533.jpg,146,115,16790,1.27,146,115
1534.jpg,157,93,14601,1.688,157,93
1535.jpg,128,101,12928,1.267,128,101
1536.jpg,924,552,510048,1.674,924,552
1537.jpg,114,105,11970,1.086,114,105
1538.jpg,183,136,24888,1.346,183,136
1539.jpg,128,87,11136,1.471,128,87
1540.jpg,160,164,26240,0.976,164,160
1541.jpg,192,139,26688,1.381,192,139
1542.jpg,115,73,8395,1.575,115,73
1543.jpg,1171,704,824384,1.663,1171,704
1544.jpg,95,113,10735,0.841,113,95
1545.jpg,205,133,27265,1.541,205,133
1546.jpg,107,86,9202,1.244,107,86
1547.jpg,168,146,24528,1.151,168,146
1548.jpg,1156,1034,1195304,1.118,1156,1034
1549.jpg,169,112,18928,1.509,169,112
1550.jpg,195,115,22425,1.696,195,115
1551.jpg,661,616,407176,1.073,661,616
1552.jpg,199,116,23084,1.716,199,116
1553.jpg,155,87,13485,1.782,155,87
1554.jpg,165,108,17820,1.528,165,108
1555.jpg,123,93,11439,1.323,123,93
1556.jpg,411,320,131520,1.284,411,320
1557.jpg,113,86,9718,1.314,113,86
1558.jpg,1152,666,767232,1.73,1152,666
1559.jpg,162,105,17010,1.543,162,105
1560.jpg,129,97,12513,1.33,129,97
1561.jpg,141,89,12549,1.584,141,89
1562.jpg,122,84,10248,1.452,122,84
1563.jpg,124,86,10664,1.442,124,86
1564.jpg,114,85,9690,1.341,114,85
1565.jpg,1499,888,1331112,1.688,1499,888
1566.jpg,181,110,19910,1.645,181,110
1567.jpg,116,87,10092,1.333,116,87
1568.jpg,179,120,21480,1.492,179,120
1569.jpg,162,99,16038,1.636,162,99
1570.jpg,126,78,9828,1.615,126,78
1571.jpg,168,103,17304,1.631,168,103
1572.jpg,1740,845,1470300,2.059,1740,845
1573.jpg,132,112,14784,1.179,132,112
1574.jpg,160,120,19200,1.333,160,120
1575.jpg,132,98,12936,1.347,132,98
1576.jpg,363,237,86031,1.532,363,237
1577.jpg,118,76,8968,1.553,118,76
1578.jpg,890,602,535780,1.478,890,602
1579.jpg,163,201,32763,0.811,201,163
1580.jpg,144,104,14976,1.385,144,104
1581.jpg,146,90,13140,1.622,146,90
1582.jpg,150,90,13500,1.667,150,90
1583.jpg,281,181,50861,1.552,281,181
1584.jpg,155,89,13795,1.742,155,89
1585.jpg,733,508,372364,1.443,733,508
1586.jpg,124,110,13640,1.127,124,110
1587.jpg,123,120,14760,1.025,123,120
1588.jpg,199,121,24079,1.645,199,121
1589.jpg,172,104,17888,1.654,172,104
1590.jpg,1082,628,679496,1.723,1082,628
1591.jpg,139,105,14595,1.324,139,105
1592.jpg,156,124,19344,1.258,156,124
1593.jpg,151,103,15553,1.466,151,103
1594.jpg,149,88,13112,1.693,149,88
1595.jpg,205,112,22960,1.83,205,112
1596.jpg,515,379,195185,1.359,515,379
1597.jpg,958,566,542228,1.693,958,566
1598.jpg,164,102,16728,1.608,164,102
1599.jpg,184,113,20792,1.628,184,113
1600.jpg,267,180,48060,1.483,267,180
1601.jpg,140,96,13440,1.458,140,96
1602.jpg,207,92,19044,2.25,207,92
1603.jpg,208,117,24336,1.778,208,117
1604.jpg,239,146,34894,1.637,239,146
1605.jpg,181,122,22082,1.484,181,122
1606.jpg,115,87,10005,1.322,115,87
1607.jpg,867,534,462978,1.624,867,534
1608.jpg,179,112,20048,1.598,179,112
1609.jpg,159,124,19716,1.282,159,124
1610.jpg,195,170,33150,1.147,195,170
1611.jpg,121,90,10890,1.344,121,90
1612.jpg,669,367,245523,1.823,669,367
1613.jpg,303,206,62418,1.471,303,206
1614.jpg,534,344,183696,1.552,534,344
1615.jpg,142,111,15762,1.279,142,111
1616.jpg,97,79,7663,1.228,97,79
1617.jpg,125,88,11000,1.42,125,88
1618.jpg,167,98,16366,1.704,167,98
1619.jpg,201,129,25929,1.558,201,129
1620.jpg,368,351,129168,1.048,368,351
1621.jpg,370,254,93980,1.457,370,254
1622.jpg,631,353,222743,1.788,631,353
1623.jpg,316,209,66044,1.512,316,209
1624.jpg,302,222,67044,1.36,302,222
1625.jpg,797,512,408064,1.557,797,512
1626.jpg,139,100,13900,1.39,139,100
1627.jpg,619,361,223459,1.715,619,361
1628.jpg,598,486,290628,1.23,598,486
1629.jpg,162,105,17010,1.543,162,105
1630.jpg,366,389,142374,0.941,389,366
1631.jpg,169,135,22815,1.252,169,135
1632.jpg,248,175,43400,1.417,248,175
1633.jpg,214,137,29318,1.562,214,137
1634.jpg,998,621,619758,1.607,998,621
1635.jpg,167,98,16366,1.704,167,98
1636.jpg,462,372,171864,1.242,462,372
1637.jpg,166,162,26892,1.025,166,162
1638.jpg,342,264,90288,1.295,342,264
1639.jpg,434,339,147126,1.28,434,339
1640.jpg,215,163,35045,1.319,215,163
1641.jpg,689,764,526396,0.902,764,689
1642.jpg,1135,464,526640,2.446,1135,464
1643.jpg,271,177,47967,1.531,271,177
1644.jpg,1698,1152,1956096,1.474,1698,1152
1645.jpg,293,131,38383,2.237,293,131
1646.jpg,322,234,75348,1.376,322,234
1647.jpg,256,220,56320,1.164,256,220
1648.jpg,199,165,32835,1.206,199,165
1649.jpg,113,97,10961,1.165,113,97
1650.jpg,771,473,364683,1.63,771,473
1651.jpg,523,472,246856,1.108,523,472
1652.jpg,178,234,41652,0.761,234,178
1653.jpg,97,77,7469,1.26,97,77
1654.jpg,187,196,36652,0.954,196,187
1655.jpg,388,345,133860,1.125,388,345
1656.jpg,158,100,15800,1.58,158,100
1657.jpg,273,245,66885,1.114,273,245
1658.jpg,649,391,253759,1.66,649,391
1659.jpg,133,123,16359,1.081,133,123
1660.jpg,908,535,485780,1.697,908,535
1661.jpg,237,201,47637,1.179,237,201
1662.jpg,166,103,17098,1.612,166,103
1663.jpg,498,335,166830,1.487,498,335
1664.jpg,185,113,20905,1.637,185,113
1665.jpg,138,81,11178,1.704,138,81
1666.jpg,123,97,11931,1.268,123,97
1667.jpg,847,596,504812,1.421,847,596
1668.jpg,290,276,80040,1.051,290,276
1669.jpg,1399,1080,1510920,1.295,1399,1080
1670.jpg,168,108,18144,1.556,168,108
1671.jpg,245,270,66150,0.907,270,245
1672.jpg,161,92,14812,1.75,161,92
1673.jpg,282,229,64578,1.231,282,229
1674.jpg,167,171,28557,0.977,171,167
1675.jpg,288,225,64800,1.28,288,225
1676.jpg,290,260,75400,1.115,290,260
