filename,area,threshold,upscaled
1.jpg,179732,19828.5,No
2.jpg,363792,19828.5,No
3.jpg,19360,19828.5,Yes
4.jpg,34028,19828.5,No
5.jpg,809190,19828.5,No
6.jpg,374508,19828.5,No
7.jpg,24794,19828.5,No
8.jpg,18204,19828.5,Yes
9.jpg,42656,19828.5,No
10.jpg,261508,19828.5,No
11.jpg,19950,19828.5,No
12.jpg,157974,19828.5,No
13.jpg,21962,19828.5,No
14.jpg,28274,19828.5,No
15.jpg,83148,19828.5,No
16.jpg,20930,19828.5,No
17.jpg,82134,19828.5,No
18.jpg,84056,19828.5,No
19.jpg,279620,19828.5,No
20.jpg,195873,19828.5,No
21.jpg,73902,19828.5,No
22.jpg,22920,19828.5,No
23.jpg,159198,19828.5,No
24.jpg,94302,19828.5,No
25.jpg,23739,19828.5,No
26.jpg,1221178,19828.5,No
27.jpg,18612,19828.5,Yes
28.jpg,82726,19828.5,No
29.jpg,47610,19828.5,No
30.jpg,60940,19828.5,No
31.jpg,26878,19828.5,No
32.jpg,288687,19828.5,No
33.jpg,30589,19828.5,No
34.jpg,18560,19828.5,Yes
35.jpg,33300,19828.5,No
36.jpg,49764,19828.5,No
37.jpg,68200,19828.5,No
38.jpg,85557,19828.5,No
39.jpg,13950,19828.5,Yes
40.jpg,292050,19828.5,No
41.jpg,185368,19828.5,No
42.jpg,130410,19828.5,No
43.jpg,318472,19828.5,No
44.jpg,144412,19828.5,No
45.jpg,21830,19828.5,No
46.jpg,211680,19828.5,No
47.jpg,15908,19828.5,Yes
48.jpg,247040,19828.5,No
49.jpg,453296,19828.5,No
50.jpg,24644,19828.5,No
51.jpg,2594961,19828.5,No
52.jpg,364496,19828.5,No
53.jpg,10614,19828.5,Yes
54.jpg,16362,19828.5,Yes
55.jpg,177510,19828.5,No
56.jpg,53742,19828.5,No
57.jpg,9900,19828.5,Yes
58.jpg,10875,19828.5,Yes
59.jpg,429000,19828.5,No
60.jpg,15548,19828.5,Yes
61.jpg,14362,19828.5,Yes
62.jpg,6336,19828.5,Yes
63.jpg,17784,19828.5,Yes
64.jpg,10564,19828.5,Yes
65.jpg,10560,19828.5,Yes
66.jpg,12654,19828.5,Yes
67.jpg,22755,19828.5,No
68.jpg,315112,19828.5,No
69.jpg,19323,19828.5,Yes
70.jpg,164348,19828.5,No
71.jpg,22464,19828.5,No
72.jpg,14260,19828.5,Yes
73.jpg,12852,19828.5,Yes
74.jpg,15548,19828.5,Yes
75.jpg,22080,19828.5,No
76.jpg,22385,19828.5,No
77.jpg,199019,19828.5,No
78.jpg,13090,19828.5,Yes
79.jpg,13104,19828.5,Yes
80.jpg,9702,19828.5,Yes
81.jpg,11094,19828.5,Yes
82.jpg,11438,19828.5,Yes
83.jpg,15150,19828.5,Yes
84.jpg,12093,19828.5,Yes
85.jpg,16848,19828.5,Yes
86.jpg,45414,19828.5,No
87.jpg,321057,19828.5,No
88.jpg,15400,19828.5,Yes
89.jpg,9675,19828.5,Yes
90.jpg,1000739,19828.5,No
91.jpg,17135,19828.5,Yes
92.jpg,26700,19828.5,No
93.jpg,129920,19828.5,No
94.jpg,212480,19828.5,No
95.jpg,57200,19828.5,No
96.jpg,353668,19828.5,No
97.jpg,65858,19828.5,No
98.jpg,27565,19828.5,No
99.jpg,27000,19828.5,No
100.jpg,7018,19828.5,Yes
101.jpg,29440,19828.5,No
102.jpg,9440,19828.5,Yes
103.jpg,515280,19828.5,No
104.jpg,44506,19828.5,No
105.jpg,23560,19828.5,No
106.jpg,9828,19828.5,Yes
107.jpg,16320,19828.5,Yes
108.jpg,12496,19828.5,Yes
109.jpg,413134,19828.5,No
110.jpg,444224,19828.5,No
111.jpg,66316,19828.5,No
112.jpg,48094,19828.5,No
113.jpg,21296,19828.5,No
114.jpg,77120,19828.5,No
115.jpg,30927,19828.5,No
116.jpg,23875,19828.5,No
117.jpg,29680,19828.5,No
118.jpg,27176,19828.5,No
119.jpg,558140,19828.5,No
120.jpg,33600,19828.5,No
121.jpg,10323,19828.5,Yes
122.jpg,31980,19828.5,No
123.jpg,35256,19828.5,No
124.jpg,43956,19828.5,No
125.jpg,18837,19828.5,Yes
126.jpg,31152,19828.5,No
127.jpg,25160,19828.5,No
128.jpg,16060,19828.5,Yes
129.jpg,22080,19828.5,No
130.jpg,585090,19828.5,No
131.jpg,16224,19828.5,Yes
132.jpg,88660,19828.5,No
133.jpg,19436,19828.5,Yes
134.jpg,25092,19828.5,No
135.jpg,29118,19828.5,No
136.jpg,22494,19828.5,No
137.jpg,38475,19828.5,No
138.jpg,43940,19828.5,No
139.jpg,23290,19828.5,No
140.jpg,331409,19828.5,No
141.jpg,61944,19828.5,No
142.jpg,32742,19828.5,No
143.jpg,48616,19828.5,No
144.jpg,27072,19828.5,No
145.jpg,21960,19828.5,No
146.jpg,32200,19828.5,No
147.jpg,2277812,19828.5,No
148.jpg,2107736,19828.5,No
149.jpg,2660295,19828.5,No
150.jpg,311472,19828.5,No
151.jpg,736263,19828.5,No
152.jpg,1224930,19828.5,No
153.jpg,2314483,19828.5,No
154.jpg,1845152,19828.5,No
155.jpg,1486215,19828.5,No
156.jpg,30940,19828.5,No
157.jpg,1428574,19828.5,No
158.jpg,1579288,19828.5,No
159.jpg,1185600,19828.5,No
160.jpg,4897678,19828.5,No
161.jpg,12480,19828.5,Yes
162.jpg,287040,19828.5,No
163.jpg,264610,19828.5,No
164.jpg,406394,19828.5,No
165.jpg,201146,19828.5,No
166.jpg,161538,19828.5,No
167.jpg,532518,19828.5,No
168.jpg,106260,19828.5,No
169.jpg,262276,19828.5,No
170.jpg,280170,19828.5,No
171.jpg,88480,19828.5,No
172.jpg,273312,19828.5,No
173.jpg,163652,19828.5,No
174.jpg,149093,19828.5,No
175.jpg,76194,19828.5,No
176.jpg,255195,19828.5,No
177.jpg,71440,19828.5,No
178.jpg,107535,19828.5,No
179.jpg,119184,19828.5,No
180.jpg,2987520,19828.5,No
181.jpg,54747,19828.5,No
182.jpg,100386,19828.5,No
183.jpg,105462,19828.5,No
184.jpg,141501,19828.5,No
185.jpg,54560,19828.5,No
186.jpg,13794,19828.5,Yes
187.jpg,937960,19828.5,No
188.jpg,1065064,19828.5,No
189.jpg,1242282,19828.5,No
190.jpg,947640,19828.5,No
191.jpg,458800,19828.5,No
192.jpg,69649,19828.5,No
193.jpg,242424,19828.5,No
194.jpg,1009983,19828.5,No
195.jpg,53280,19828.5,No
196.jpg,415096,19828.5,No
197.jpg,390903,19828.5,No
198.jpg,531437,19828.5,No
199.jpg,722592,19828.5,No
200.jpg,704928,19828.5,No
201.jpg,512676,19828.5,No
202.jpg,564435,19828.5,No
203.jpg,733320,19828.5,No
204.jpg,877002,19828.5,No
205.jpg,63480,19828.5,No
206.jpg,730124,19828.5,No
207.jpg,413400,19828.5,No
208.jpg,1455730,19828.5,No
209.jpg,399672,19828.5,No
210.jpg,1046820,19828.5,No
211.jpg,1412856,19828.5,No
212.jpg,1402812,19828.5,No
213.jpg,304384,19828.5,No
214.jpg,294792,19828.5,No
215.jpg,249368,19828.5,No
216.jpg,150804,19828.5,No
217.jpg,210843,19828.5,No
218.jpg,342895,19828.5,No
219.jpg,52070,19828.5,No
220.jpg,2147760,19828.5,No
221.jpg,255231,19828.5,No
222.jpg,163344,19828.5,No
223.jpg,417144,19828.5,No
224.jpg,984340,19828.5,No
225.jpg,422955,19828.5,No
226.jpg,350400,19828.5,No
227.jpg,294840,19828.5,No
228.jpg,249368,19828.5,No
229.jpg,430144,19828.5,No
230.jpg,310002,19828.5,No
231.jpg,103660,19828.5,No
232.jpg,330330,19828.5,No
233.jpg,451710,19828.5,No
234.jpg,876896,19828.5,No
235.jpg,169520,19828.5,No
236.jpg,450320,19828.5,No
237.jpg,398880,19828.5,No
238.jpg,45846,19828.5,No
239.jpg,114162,19828.5,No
240.jpg,792528,19828.5,No
241.jpg,69969,19828.5,No
242.jpg,27742,19828.5,No
243.jpg,52896,19828.5,No
244.jpg,12900,19828.5,Yes
245.jpg,22044,19828.5,No
246.jpg,12432,19828.5,Yes
247.jpg,40698,19828.5,No
248.jpg,16660,19828.5,Yes
249.jpg,362840,19828.5,No
250.jpg,22962,19828.5,No
251.jpg,11600,19828.5,Yes
252.jpg,10764,19828.5,Yes
253.jpg,8550,19828.5,Yes
254.jpg,41064,19828.5,No
255.jpg,444960,19828.5,No
256.jpg,70272,19828.5,No
257.jpg,405684,19828.5,No
258.jpg,106580,19828.5,No
259.jpg,301950,19828.5,No
260.jpg,13986,19828.5,Yes
261.jpg,42365,19828.5,No
262.jpg,11800,19828.5,Yes
263.jpg,9040,19828.5,Yes
264.jpg,147653,19828.5,No
265.jpg,15232,19828.5,Yes
266.jpg,23865,19828.5,No
267.jpg,40992,19828.5,No
268.jpg,27714,19828.5,No
269.jpg,39008,19828.5,No
270.jpg,694668,19828.5,No
271.jpg,13500,19828.5,Yes
272.jpg,21888,19828.5,No
273.jpg,30858,19828.5,No
274.jpg,13104,19828.5,Yes
275.jpg,24605,19828.5,No
276.jpg,57181,19828.5,No
277.jpg,23406,19828.5,No
278.jpg,78174,19828.5,No
279.jpg,290880,19828.5,No
280.jpg,455168,19828.5,No
281.jpg,40044,19828.5,No
282.jpg,13056,19828.5,Yes
283.jpg,21896,19828.5,No
284.jpg,10044,19828.5,Yes
285.jpg,1677780,19828.5,No
286.jpg,19043,19828.5,Yes
287.jpg,46566,19828.5,No
288.jpg,67071,19828.5,No
289.jpg,84075,19828.5,No
290.jpg,71874,19828.5,No
291.jpg,357948,19828.5,No
292.jpg,208638,19828.5,No
293.jpg,13416,19828.5,Yes
294.jpg,23547,19828.5,No
295.jpg,211575,19828.5,No
296.jpg,16892,19828.5,Yes
297.jpg,11844,19828.5,Yes
298.jpg,19866,19828.5,No
299.jpg,24464,19828.5,No
300.jpg,40391,19828.5,No
301.jpg,34572,19828.5,No
302.jpg,443940,19828.5,No
303.jpg,10614,19828.5,Yes
304.jpg,46168,19828.5,No
305.jpg,15450,19828.5,Yes
306.jpg,76832,19828.5,No
307.jpg,1955413,19828.5,No
308.jpg,9282,19828.5,Yes
309.jpg,59296,19828.5,No
310.jpg,236430,19828.5,No
311.jpg,209380,19828.5,No
312.jpg,108204,19828.5,No
313.jpg,57757,19828.5,No
314.jpg,15872,19828.5,Yes
315.jpg,60467,19828.5,No
316.jpg,55104,19828.5,No
317.jpg,527175,19828.5,No
318.jpg,10912,19828.5,Yes
319.jpg,43200,19828.5,No
320.jpg,467250,19828.5,No
321.jpg,16533,19828.5,Yes
322.jpg,21646,19828.5,No
323.jpg,63168,19828.5,No
324.jpg,13559,19828.5,Yes
325.jpg,11730,19828.5,Yes
326.jpg,60444,19828.5,No
327.jpg,59770,19828.5,No
328.jpg,539280,19828.5,No
329.jpg,7252,19828.5,Yes
330.jpg,32010,19828.5,No
331.jpg,746496,19828.5,No
332.jpg,22610,19828.5,No
333.jpg,20172,19828.5,No
334.jpg,559375,19828.5,No
335.jpg,15543,19828.5,Yes
336.jpg,183465,19828.5,No
337.jpg,101568,19828.5,No
338.jpg,313314,19828.5,No
339.jpg,14751,19828.5,Yes
340.jpg,34848,19828.5,No
341.jpg,63720,19828.5,No
342.jpg,86700,19828.5,No
343.jpg,62208,19828.5,No
344.jpg,46144,19828.5,No
345.jpg,152950,19828.5,No
346.jpg,118665,19828.5,No
347.jpg,47560,19828.5,No
348.jpg,360096,19828.5,No
349.jpg,25168,19828.5,No
350.jpg,15252,19828.5,Yes
351.jpg,22620,19828.5,No
352.jpg,62244,19828.5,No
353.jpg,206087,19828.5,No
354.jpg,35616,19828.5,No
355.jpg,35616,19828.5,No
356.jpg,1034208,19828.5,No
357.jpg,88494,19828.5,No
358.jpg,353788,19828.5,No
359.jpg,28574,19828.5,No
360.jpg,691200,19828.5,No
361.jpg,62325,19828.5,No
362.jpg,12354,19828.5,Yes
363.jpg,57084,19828.5,No
364.jpg,243628,19828.5,No
365.jpg,66820,19828.5,No
366.jpg,52530,19828.5,No
367.jpg,13741,19828.5,Yes
368.jpg,53064,19828.5,No
369.jpg,325710,19828.5,No
370.jpg,66254,19828.5,No
371.jpg,247104,19828.5,No
372.jpg,1278660,19828.5,No
373.jpg,16016,19828.5,Yes
374.jpg,192786,19828.5,No
375.jpg,37800,19828.5,No
376.jpg,62100,19828.5,No
377.jpg,59713,19828.5,No
378.jpg,231936,19828.5,No
379.jpg,74896,19828.5,No
380.jpg,29600,19828.5,No
381.jpg,247950,19828.5,No
382.jpg,10320,19828.5,Yes
383.jpg,51062,19828.5,No
384.jpg,23074,19828.5,No
385.jpg,26825,19828.5,No
386.jpg,33969,19828.5,No
387.jpg,49980,19828.5,No
388.jpg,23322,19828.5,No
389.jpg,754400,19828.5,No
390.jpg,1379632,19828.5,No
391.jpg,8547,19828.5,Yes
392.jpg,15678,19828.5,Yes
393.jpg,34440,19828.5,No
394.jpg,10750,19828.5,Yes
395.jpg,65331,19828.5,No
396.jpg,208978,19828.5,No
397.jpg,20496,19828.5,No
398.jpg,836550,19828.5,No
399.jpg,1167732,19828.5,No
400.jpg,26928,19828.5,No
401.jpg,46029,19828.5,No
402.jpg,41760,19828.5,No
403.jpg,97605,19828.5,No
404.jpg,78231,19828.5,No
405.jpg,131544,19828.5,No
406.jpg,168168,19828.5,No
407.jpg,12753,19828.5,Yes
408.jpg,64308,19828.5,No
409.jpg,973245,19828.5,No
410.jpg,26373,19828.5,No
411.jpg,69454,19828.5,No
412.jpg,58206,19828.5,No
413.jpg,953640,19828.5,No
414.jpg,42168,19828.5,No
415.jpg,36520,19828.5,No
416.jpg,18480,19828.5,Yes
417.jpg,64578,19828.5,No
418.jpg,64578,19828.5,No
419.jpg,19210,19828.5,Yes
420.jpg,1102530,19828.5,No
421.jpg,41132,19828.5,No
422.jpg,94050,19828.5,No
423.jpg,174408,19828.5,No
424.jpg,66427,19828.5,No
425.jpg,30955,19828.5,No
426.jpg,47328,19828.5,No
427.jpg,23858,19828.5,No
428.jpg,23858,19828.5,No
429.jpg,259790,19828.5,No
430.jpg,57456,19828.5,No
431.jpg,255843,19828.5,No
432.jpg,70152,19828.5,No
433.jpg,27930,19828.5,No
434.jpg,19656,19828.5,Yes
435.jpg,14720,19828.5,Yes
436.jpg,29260,19828.5,No
437.jpg,108672,19828.5,No
438.jpg,44215,19828.5,No
439.jpg,143736,19828.5,No
440.jpg,423487,19828.5,No
441.jpg,153909,19828.5,No
442.jpg,102600,19828.5,No
443.jpg,69618,19828.5,No
444.jpg,97635,19828.5,No
445.jpg,46644,19828.5,No
446.jpg,622720,19828.5,No
447.jpg,153824,19828.5,No
448.jpg,46644,19828.5,No
449.jpg,54648,19828.5,No
450.jpg,95937,19828.5,No
451.jpg,406473,19828.5,No
452.jpg,42944,19828.5,No
453.jpg,62040,19828.5,No
454.jpg,33024,19828.5,No
455.jpg,115920,19828.5,No
456.jpg,31714,19828.5,No
457.jpg,64680,19828.5,No
458.jpg,31680,19828.5,No
459.jpg,148400,19828.5,No
460.jpg,69363,19828.5,No
461.jpg,360640,19828.5,No
462.jpg,83980,19828.5,No
463.jpg,109626,19828.5,No
464.jpg,65120,19828.5,No
465.jpg,543400,19828.5,No
466.jpg,43956,19828.5,No
467.jpg,15582,19828.5,Yes
468.jpg,56304,19828.5,No
469.jpg,20160,19828.5,No
470.jpg,653172,19828.5,No
471.jpg,78645,19828.5,No
472.jpg,27633,19828.5,No
473.jpg,95280,19828.5,No
474.jpg,201365,19828.5,No
475.jpg,48636,19828.5,No
476.jpg,50600,19828.5,No
477.jpg,31590,19828.5,No
478.jpg,10320,19828.5,Yes
479.jpg,385236,19828.5,No
480.jpg,1008725,19828.5,No
481.jpg,28730,19828.5,No
482.jpg,276640,19828.5,No
483.jpg,9394,19828.5,Yes
484.jpg,19965,19828.5,No
485.jpg,352836,19828.5,No
486.jpg,47637,19828.5,No
487.jpg,20592,19828.5,No
488.jpg,114939,19828.5,No
489.jpg,112326,19828.5,No
490.jpg,159644,19828.5,No
491.jpg,1413724,19828.5,No
492.jpg,13761,19828.5,Yes
493.jpg,27156,19828.5,No
494.jpg,452340,19828.5,No
495.jpg,18360,19828.5,Yes
496.jpg,370512,19828.5,No
497.jpg,44082,19828.5,No
498.jpg,21010,19828.5,No
499.jpg,20178,19828.5,No
500.jpg,358092,19828.5,No
501.jpg,41580,19828.5,No
502.jpg,33165,19828.5,No
503.jpg,36855,19828.5,No
504.jpg,7800,19828.5,Yes
505.jpg,69993,19828.5,No
506.jpg,37536,19828.5,No
507.jpg,22984,19828.5,No
508.jpg,36300,19828.5,No
509.jpg,121320,19828.5,No
510.jpg,261800,19828.5,No
511.jpg,746250,19828.5,No
512.jpg,9009,19828.5,Yes
513.jpg,103368,19828.5,No
514.jpg,59598,19828.5,No
515.jpg,12120,19828.5,Yes
516.jpg,24840,19828.5,No
517.jpg,78970,19828.5,No
518.jpg,233640,19828.5,No
519.jpg,88404,19828.5,No
520.jpg,35223,19828.5,No
521.jpg,438588,19828.5,No
522.jpg,184910,19828.5,No
523.jpg,34350,19828.5,No
524.jpg,60144,19828.5,No
525.jpg,23352,19828.5,No
526.jpg,118908,19828.5,No
527.jpg,25440,19828.5,No
528.jpg,9523,19828.5,Yes
529.jpg,303418,19828.5,No
530.jpg,1596996,19828.5,No
531.jpg,303418,19828.5,No
532.jpg,34632,19828.5,No
533.jpg,62738,19828.5,No
534.jpg,116494,19828.5,No
535.jpg,62738,19828.5,No
536.jpg,64296,19828.5,No
537.jpg,73408,19828.5,No
538.jpg,26400,19828.5,No
539.jpg,841687,19828.5,No
540.jpg,11508,19828.5,Yes
541.jpg,28140,19828.5,No
542.jpg,38976,19828.5,No
543.jpg,12789,19828.5,Yes
544.jpg,189390,19828.5,No
545.jpg,71712,19828.5,No
546.jpg,582250,19828.5,No
547.jpg,175480,19828.5,No
548.jpg,202692,19828.5,No
549.jpg,43878,19828.5,No
550.jpg,34850,19828.5,No
551.jpg,41327,19828.5,No
552.jpg,37213,19828.5,No
553.jpg,37213,19828.5,No
554.jpg,25326,19828.5,No
555.jpg,163445,19828.5,No
556.jpg,37600,19828.5,No
557.jpg,318147,19828.5,No
558.jpg,109098,19828.5,No
559.jpg,779460,19828.5,No
560.jpg,11322,19828.5,Yes
561.jpg,95378,19828.5,No
562.jpg,88920,19828.5,No
563.jpg,385940,19828.5,No
564.jpg,17640,19828.5,Yes
565.jpg,33823,19828.5,No
566.jpg,24472,19828.5,No
567.jpg,28779,19828.5,No
568.jpg,10300,19828.5,Yes
569.jpg,279601,19828.5,No
570.jpg,22987,19828.5,No
571.jpg,242465,19828.5,No
572.jpg,9912,19828.5,Yes
573.jpg,87535,19828.5,No
574.jpg,233640,19828.5,No
575.jpg,30955,19828.5,No
576.jpg,316536,19828.5,No
577.jpg,12240,19828.5,Yes
578.jpg,51980,19828.5,No
579.jpg,343824,19828.5,No
580.jpg,130130,19828.5,No
581.jpg,8148,19828.5,Yes
582.jpg,12992,19828.5,Yes
583.jpg,311680,19828.5,No
584.jpg,61468,19828.5,No
585.jpg,219450,19828.5,No
586.jpg,25438,19828.5,No
587.jpg,278124,19828.5,No
588.jpg,159418,19828.5,No
589.jpg,61180,19828.5,No
590.jpg,467264,19828.5,No
591.jpg,10504,19828.5,Yes
592.jpg,42188,19828.5,No
593.jpg,307500,19828.5,No
594.jpg,45787,19828.5,No
595.jpg,55154,19828.5,No
596.jpg,181886,19828.5,No
597.jpg,685152,19828.5,No
598.jpg,232231,19828.5,No
599.jpg,99636,19828.5,No
600.jpg,147288,19828.5,No
601.jpg,33345,19828.5,No
602.jpg,15288,19828.5,Yes
603.jpg,480344,19828.5,No
604.jpg,34983,19828.5,No
605.jpg,42966,19828.5,No
606.jpg,426240,19828.5,No
607.jpg,149611,19828.5,No
608.jpg,11139,19828.5,Yes
609.jpg,25116,19828.5,No
610.jpg,149100,19828.5,No
611.jpg,229512,19828.5,No
612.jpg,123525,19828.5,No
613.jpg,43804,19828.5,No
614.jpg,28906,19828.5,No
615.jpg,229554,19828.5,No
616.jpg,3145728,19828.5,No
617.jpg,41910,19828.5,No
618.jpg,172081,19828.5,No
619.jpg,15488,19828.5,Yes
620.jpg,766080,19828.5,No
621.jpg,20586,19828.5,No
622.jpg,225758,19828.5,No
623.jpg,85136,19828.5,No
624.jpg,141620,19828.5,No
625.jpg,133816,19828.5,No
626.jpg,3143680,19828.5,No
627.jpg,39597,19828.5,No
628.jpg,16995,19828.5,Yes
629.jpg,59860,19828.5,No
630.jpg,72900,19828.5,No
631.jpg,30810,19828.5,No
632.jpg,116678,19828.5,No
633.jpg,44916,19828.5,No
634.jpg,56772,19828.5,No
635.jpg,26928,19828.5,No
636.jpg,1849572,19828.5,No
637.jpg,9792,19828.5,Yes
638.jpg,58905,19828.5,No
639.jpg,44600,19828.5,No
640.jpg,361100,19828.5,No
641.jpg,11907,19828.5,Yes
642.jpg,30275,19828.5,No
643.jpg,53560,19828.5,No
644.jpg,286044,19828.5,No
645.jpg,59640,19828.5,No
646.jpg,76288,19828.5,No
647.jpg,189390,19828.5,No
648.jpg,14640,19828.5,Yes
649.jpg,14652,19828.5,Yes
650.jpg,212064,19828.5,No
651.jpg,91664,19828.5,No
652.jpg,179487,19828.5,No
653.jpg,48697,19828.5,No
654.jpg,34040,19828.5,No
655.jpg,35997,19828.5,No
656.jpg,61560,19828.5,No
657.jpg,15041,19828.5,Yes
658.jpg,72900,19828.5,No
659.jpg,441732,19828.5,No
660.jpg,11508,19828.5,Yes
661.jpg,353430,19828.5,No
662.jpg,1394000,19828.5,No
663.jpg,51980,19828.5,No
664.jpg,12288,19828.5,Yes
665.jpg,24360,19828.5,No
666.jpg,58443,19828.5,No
667.jpg,14592,19828.5,Yes
668.jpg,7700,19828.5,Yes
669.jpg,10672,19828.5,Yes
670.jpg,18334,19828.5,Yes
671.jpg,14062,19828.5,Yes
672.jpg,131672,19828.5,No
673.jpg,77805,19828.5,No
674.jpg,19296,19828.5,Yes
675.jpg,7120,19828.5,Yes
676.jpg,57664,19828.5,No
677.jpg,1312938,19828.5,No
678.jpg,9090,19828.5,Yes
679.jpg,74422,19828.5,No
680.jpg,261580,19828.5,No
681.jpg,261580,19828.5,No
682.jpg,181944,19828.5,No
683.jpg,36464,19828.5,No
684.jpg,8330,19828.5,Yes
685.jpg,13500,19828.5,Yes
686.jpg,40723,19828.5,No
687.jpg,17004,19828.5,Yes
688.jpg,11484,19828.5,Yes
689.jpg,74422,19828.5,No
690.jpg,16872,19828.5,Yes
691.jpg,17854,19828.5,Yes
692.jpg,33867,19828.5,No
693.jpg,18875,19828.5,Yes
694.jpg,29412,19828.5,No
695.jpg,16472,19828.5,Yes
696.jpg,23085,19828.5,No
697.jpg,11837,19828.5,Yes
698.jpg,20155,19828.5,No
699.jpg,7700,19828.5,Yes
700.jpg,86840,19828.5,No
701.jpg,12656,19828.5,Yes
702.jpg,76800,19828.5,No
703.jpg,208702,19828.5,No
704.jpg,24912,19828.5,No
705.jpg,32025,19828.5,No
706.jpg,9996,19828.5,Yes
707.jpg,349405,19828.5,No
708.jpg,236844,19828.5,No
709.jpg,58960,19828.5,No
710.jpg,58960,19828.5,No
711.jpg,20413,19828.5,No
712.jpg,78155,19828.5,No
713.jpg,113834,19828.5,No
714.jpg,10010,19828.5,Yes
715.jpg,44116,19828.5,No
716.jpg,78668,19828.5,No
717.jpg,372771,19828.5,No
718.jpg,372771,19828.5,No
719.jpg,73336,19828.5,No
720.jpg,69795,19828.5,No
721.jpg,15696,19828.5,Yes
722.jpg,15276,19828.5,Yes
723.jpg,30033,19828.5,No
724.jpg,28215,19828.5,No
725.jpg,11284,19828.5,Yes
726.jpg,68385,19828.5,No
727.jpg,12600,19828.5,Yes
728.jpg,166358,19828.5,No
729.jpg,18128,19828.5,Yes
730.jpg,313449,19828.5,No
731.jpg,192639,19828.5,No
732.jpg,66560,19828.5,No
733.jpg,317460,19828.5,No
734.jpg,24528,19828.5,No
735.jpg,17160,19828.5,Yes
736.jpg,25380,19828.5,No
737.jpg,26715,19828.5,No
738.jpg,12060,19828.5,Yes
739.jpg,42147,19828.5,No
740.jpg,125700,19828.5,No
741.jpg,35670,19828.5,No
742.jpg,20202,19828.5,No
743.jpg,10836,19828.5,Yes
744.jpg,439040,19828.5,No
745.jpg,9322,19828.5,Yes
746.jpg,55160,19828.5,No
747.jpg,57888,19828.5,No
748.jpg,39528,19828.5,No
749.jpg,37088,19828.5,No
750.jpg,498296,19828.5,No
751.jpg,30624,19828.5,No
752.jpg,66597,19828.5,No
753.jpg,13524,19828.5,Yes
754.jpg,9652,19828.5,Yes
755.jpg,49914,19828.5,No
756.jpg,98100,19828.5,No
757.jpg,27051,19828.5,No
758.jpg,50380,19828.5,No
759.jpg,210288,19828.5,No
760.jpg,8208,19828.5,Yes
761.jpg,10560,19828.5,Yes
762.jpg,213624,19828.5,No
763.jpg,85888,19828.5,No
764.jpg,24924,19828.5,No
765.jpg,13013,19828.5,Yes
766.jpg,13524,19828.5,Yes
767.jpg,125028,19828.5,No
768.jpg,35512,19828.5,No
769.jpg,49050,19828.5,No
770.jpg,45582,19828.5,No
771.jpg,13741,19828.5,Yes
772.jpg,140936,19828.5,No
773.jpg,98058,19828.5,No
774.jpg,7684,19828.5,Yes
775.jpg,252882,19828.5,No
776.jpg,82992,19828.5,No
777.jpg,14157,19828.5,Yes
778.jpg,23256,19828.5,No
779.jpg,101948,19828.5,No
780.jpg,402800,19828.5,No
781.jpg,12212,19828.5,Yes
782.jpg,84790,19828.5,No
783.jpg,198240,19828.5,No
784.jpg,44400,19828.5,No
785.jpg,61143,19828.5,No
786.jpg,50895,19828.5,No
787.jpg,65175,19828.5,No
788.jpg,15106,19828.5,Yes
789.jpg,17360,19828.5,Yes
790.jpg,11136,19828.5,Yes
791.jpg,9324,19828.5,Yes
792.jpg,18532,19828.5,Yes
793.jpg,11676,19828.5,Yes
794.jpg,8308,19828.5,Yes
795.jpg,388480,19828.5,No
796.jpg,7176,19828.5,Yes
797.jpg,45024,19828.5,No
798.jpg,16848,19828.5,Yes
799.jpg,92988,19828.5,No
800.jpg,92988,19828.5,No
801.jpg,11349,19828.5,Yes
802.jpg,37368,19828.5,No
803.jpg,40770,19828.5,No
804.jpg,301101,19828.5,No
805.jpg,17880,19828.5,Yes
806.jpg,12573,19828.5,Yes
807.jpg,134078,19828.5,No
808.jpg,31464,19828.5,No
809.jpg,62640,19828.5,No
810.jpg,364605,19828.5,No
811.jpg,31104,19828.5,No
812.jpg,9900,19828.5,Yes
813.jpg,42372,19828.5,No
814.jpg,11200,19828.5,Yes
815.jpg,9744,19828.5,Yes
816.jpg,31200,19828.5,No
817.jpg,307945,19828.5,No
818.jpg,64704,19828.5,No
819.jpg,44036,19828.5,No
820.jpg,8855,19828.5,Yes
821.jpg,43560,19828.5,No
822.jpg,8722,19828.5,Yes
823.jpg,47430,19828.5,No
824.jpg,11900,19828.5,Yes
825.jpg,18270,19828.5,Yes
826.jpg,39196,19828.5,No
827.jpg,90827,19828.5,No
828.jpg,123656,19828.5,No
829.jpg,79945,19828.5,No
830.jpg,62272,19828.5,No
831.jpg,47470,19828.5,No
832.jpg,23100,19828.5,No
833.jpg,100110,19828.5,No
834.jpg,80764,19828.5,No
835.jpg,36472,19828.5,No
836.jpg,13524,19828.5,Yes
837.jpg,98624,19828.5,No
838.jpg,278817,19828.5,No
839.jpg,9417,19828.5,Yes
840.jpg,48250,19828.5,No
841.jpg,10591,19828.5,Yes
842.jpg,177927,19828.5,No
843.jpg,114030,19828.5,No
844.jpg,35020,19828.5,No
845.jpg,26784,19828.5,No
846.jpg,50268,19828.5,No
847.jpg,24480,19828.5,No
848.jpg,123880,19828.5,No
849.jpg,25916,19828.5,No
850.jpg,83486,19828.5,No
851.jpg,72558,19828.5,No
852.jpg,17400,19828.5,Yes
853.jpg,49647,19828.5,No
854.jpg,22605,19828.5,No
855.jpg,74576,19828.5,No
856.jpg,84411,19828.5,No
857.jpg,14994,19828.5,Yes
858.jpg,338499,19828.5,No
859.jpg,21980,19828.5,No
860.jpg,368177,19828.5,No
861.jpg,368177,19828.5,No
862.jpg,112292,19828.5,No
863.jpg,26040,19828.5,No
864.jpg,48165,19828.5,No
865.jpg,25380,19828.5,No
866.jpg,42966,19828.5,No
867.jpg,47940,19828.5,No
868.jpg,138092,19828.5,No
869.jpg,528120,19828.5,No
870.jpg,12397,19828.5,Yes
871.jpg,209963,19828.5,No
872.jpg,125028,19828.5,No
873.jpg,14602,19828.5,Yes
874.jpg,36708,19828.5,No
875.jpg,52514,19828.5,No
876.jpg,29930,19828.5,No
877.jpg,11421,19828.5,Yes
878.jpg,46080,19828.5,No
879.jpg,764088,19828.5,No
880.jpg,35616,19828.5,No
881.jpg,307749,19828.5,No
882.jpg,104720,19828.5,No
883.jpg,71148,19828.5,No
884.jpg,71148,19828.5,No
885.jpg,47861,19828.5,No
886.jpg,138528,19828.5,No
887.jpg,33620,19828.5,No
888.jpg,217787,19828.5,No
889.jpg,771580,19828.5,No
890.jpg,37062,19828.5,No
891.jpg,61325,19828.5,No
892.jpg,18228,19828.5,Yes
893.jpg,134980,19828.5,No
894.jpg,41944,19828.5,No
895.jpg,137858,19828.5,No
896.jpg,12376,19828.5,Yes
897.jpg,433359,19828.5,No
898.jpg,38010,19828.5,No
899.jpg,27559,19828.5,No
900.jpg,104544,19828.5,No
901.jpg,70180,19828.5,No
902.jpg,70180,19828.5,No
903.jpg,24448,19828.5,No
904.jpg,19468,19828.5,Yes
905.jpg,28728,19828.5,No
906.jpg,134638,19828.5,No
907.jpg,35721,19828.5,No
908.jpg,50347,19828.5,No
909.jpg,91908,19828.5,No
910.jpg,18603,19828.5,Yes
911.jpg,26726,19828.5,No
912.jpg,12138,19828.5,Yes
913.jpg,47610,19828.5,No
914.jpg,367037,19828.5,No
915.jpg,27029,19828.5,No
916.jpg,149017,19828.5,No
917.jpg,52392,19828.5,No
918.jpg,8874,19828.5,Yes
919.jpg,8760,19828.5,Yes
920.jpg,8241,19828.5,Yes
921.jpg,14356,19828.5,Yes
922.jpg,18816,19828.5,Yes
923.jpg,36120,19828.5,No
924.jpg,36120,19828.5,No
925.jpg,707200,19828.5,No
926.jpg,93130,19828.5,No
927.jpg,75920,19828.5,No
928.jpg,75920,19828.5,No
929.jpg,241443,19828.5,No
930.jpg,545025,19828.5,No
931.jpg,156746,19828.5,No
932.jpg,361496,19828.5,No
933.jpg,33777,19828.5,No
934.jpg,99936,19828.5,No
935.jpg,11776,19828.5,Yes
936.jpg,28891,19828.5,No
937.jpg,24940,19828.5,No
938.jpg,31744,19828.5,No
939.jpg,155490,19828.5,No
940.jpg,91908,19828.5,No
941.jpg,10062,19828.5,Yes
942.jpg,94164,19828.5,No
943.jpg,9844,19828.5,Yes
944.jpg,37376,19828.5,No
945.jpg,62496,19828.5,No
946.jpg,18876,19828.5,Yes
947.jpg,110920,19828.5,No
948.jpg,41995,19828.5,No
949.jpg,12298,19828.5,Yes
950.jpg,42624,19828.5,No
951.jpg,27750,19828.5,No
952.jpg,276660,19828.5,No
953.jpg,12320,19828.5,Yes
954.jpg,100536,19828.5,No
955.jpg,207249,19828.5,No
956.jpg,207249,19828.5,No
957.jpg,32005,19828.5,No
958.jpg,48822,19828.5,No
959.jpg,12816,19828.5,Yes
960.jpg,483840,19828.5,No
961.jpg,9945,19828.5,Yes
962.jpg,45162,19828.5,No
963.jpg,9630,19828.5,Yes
964.jpg,9680,19828.5,Yes
965.jpg,24505,19828.5,No
966.jpg,78486,19828.5,No
967.jpg,146376,19828.5,No
968.jpg,36414,19828.5,No
969.jpg,10960,19828.5,Yes
970.jpg,17250,19828.5,Yes
971.jpg,9514,19828.5,Yes
972.jpg,17020,19828.5,Yes
973.jpg,43560,19828.5,No
974.jpg,27136,19828.5,No
975.jpg,15120,19828.5,Yes
976.jpg,6596,19828.5,Yes
977.jpg,210639,19828.5,No
978.jpg,10000,19828.5,Yes
979.jpg,111070,19828.5,No
980.jpg,26167,19828.5,No
981.jpg,28864,19828.5,No
982.jpg,12816,19828.5,Yes
983.jpg,23296,19828.5,No
984.jpg,121002,19828.5,No
985.jpg,18128,19828.5,Yes
986.jpg,10030,19828.5,Yes
987.jpg,14935,19828.5,Yes
988.jpg,212850,19828.5,No
989.jpg,87702,19828.5,No
990.jpg,10120,19828.5,Yes
991.jpg,95277,19828.5,No
992.jpg,98335,19828.5,No
993.jpg,7275,19828.5,Yes
994.jpg,11997,19828.5,Yes
995.jpg,16820,19828.5,Yes
996.jpg,143982,19828.5,No
997.jpg,12556,19828.5,Yes
998.jpg,292299,19828.5,No
999.jpg,90816,19828.5,No
1000.jpg,8667,19828.5,Yes
1001.jpg,8613,19828.5,Yes
1002.jpg,11424,19828.5,Yes
1003.jpg,15875,19828.5,Yes
1004.jpg,48790,19828.5,No
1005.jpg,22137,19828.5,No
1006.jpg,107061,19828.5,No
1007.jpg,44000,19828.5,No
1008.jpg,12298,19828.5,Yes
1009.jpg,40716,19828.5,No
1010.jpg,8500,19828.5,Yes
1011.jpg,29302,19828.5,No
1012.jpg,16440,19828.5,Yes
1013.jpg,40716,19828.5,No
1014.jpg,16533,19828.5,Yes
1015.jpg,35360,19828.5,No
1016.jpg,13140,19828.5,Yes
1017.jpg,14507,19828.5,Yes
1018.jpg,47174,19828.5,No
1019.jpg,7275,19828.5,Yes
1020.jpg,15481,19828.5,Yes
1021.jpg,65527,19828.5,No
1022.jpg,9315,19828.5,Yes
1023.jpg,10030,19828.5,Yes
1024.jpg,87570,19828.5,No
1025.jpg,101802,19828.5,No
1026.jpg,83104,19828.5,No
1027.jpg,32010,19828.5,No
1028.jpg,10396,19828.5,Yes
1029.jpg,23616,19828.5,No
1030.jpg,58905,19828.5,No
1031.jpg,25544,19828.5,No
1032.jpg,15573,19828.5,Yes
1033.jpg,36743,19828.5,No
1034.jpg,13860,19828.5,Yes
1035.jpg,15288,19828.5,Yes
1036.jpg,11900,19828.5,Yes
1037.jpg,34048,19828.5,No
1038.jpg,8085,19828.5,Yes
1039.jpg,29568,19828.5,No
1040.jpg,18236,19828.5,Yes
1041.jpg,16356,19828.5,Yes
1042.jpg,17052,19828.5,Yes
1043.jpg,38896,19828.5,No
1044.jpg,41480,19828.5,No
1045.jpg,51736,19828.5,No
1046.jpg,41925,19828.5,No
1047.jpg,434231,19828.5,No
1048.jpg,77400,19828.5,No
1049.jpg,89908,19828.5,No
1050.jpg,606000,19828.5,No
1051.jpg,1641899,19828.5,No
1052.jpg,2452824,19828.5,No
1053.jpg,2438424,19828.5,No
1054.jpg,1310400,19828.5,No
1055.jpg,1689288,19828.5,No
1056.jpg,209440,19828.5,No
1057.jpg,1389448,19828.5,No
1058.jpg,2033752,19828.5,No
1059.jpg,1804172,19828.5,No
1060.jpg,3465072,19828.5,No
1061.jpg,2693028,19828.5,No
1062.jpg,866712,19828.5,No
1063.jpg,3449040,19828.5,No
1064.jpg,3107520,19828.5,No
1065.jpg,1833650,19828.5,No
1066.jpg,1200715,19828.5,No
1067.jpg,1842465,19828.5,No
1068.jpg,2690694,19828.5,No
1069.jpg,3958347,19828.5,No
1070.jpg,2011959,19828.5,No
1071.jpg,2171925,19828.5,No
1072.jpg,1182704,19828.5,No
1073.jpg,3302200,19828.5,No
1074.jpg,1502800,19828.5,No
1075.jpg,465168,19828.5,No
1076.jpg,512616,19828.5,No
1077.jpg,788835,19828.5,No
1078.jpg,869564,19828.5,No
1079.jpg,1547164,19828.5,No
1080.jpg,1781450,19828.5,No
1081.jpg,1143300,19828.5,No
1082.jpg,613132,19828.5,No
1083.jpg,535104,19828.5,No
1084.jpg,329080,19828.5,No
1085.jpg,389220,19828.5,No
1086.jpg,356700,19828.5,No
1087.jpg,1672528,19828.5,No
1088.jpg,698740,19828.5,No
1089.jpg,857514,19828.5,No
1090.jpg,1017520,19828.5,No
1091.jpg,1334322,19828.5,No
1092.jpg,2087634,19828.5,No
1093.jpg,808982,19828.5,No
1094.jpg,1049152,19828.5,No
1095.jpg,571857,19828.5,No
1096.jpg,371995,19828.5,No
1097.jpg,97216,19828.5,No
1098.jpg,1704864,19828.5,No
1099.jpg,406746,19828.5,No
1100.jpg,1339470,19828.5,No
1101.jpg,2060775,19828.5,No
1102.jpg,552192,19828.5,No
1103.jpg,938508,19828.5,No
1104.jpg,902944,19828.5,No
1105.jpg,249200,19828.5,No
1106.jpg,362880,19828.5,No
1107.jpg,1806420,19828.5,No
1108.jpg,363072,19828.5,No
1109.jpg,671672,19828.5,No
1110.jpg,2013852,19828.5,No
1111.jpg,1040256,19828.5,No
1112.jpg,701715,19828.5,No
1113.jpg,694967,19828.5,No
1114.jpg,1093125,19828.5,No
1115.jpg,960496,19828.5,No
1116.jpg,437175,19828.5,No
1117.jpg,1648127,19828.5,No
1118.jpg,581831,19828.5,No
1119.jpg,2064120,19828.5,No
1120.jpg,1401176,19828.5,No
1121.jpg,655816,19828.5,No
1122.jpg,2162376,19828.5,No
1123.jpg,1118385,19828.5,No
1124.jpg,924885,19828.5,No
1125.jpg,1148325,19828.5,No
1126.jpg,701100,19828.5,No
1127.jpg,217657,19828.5,No
1128.jpg,315641,19828.5,No
1129.jpg,239149,19828.5,No
1130.jpg,1073100,19828.5,No
1131.jpg,948384,19828.5,No
1132.jpg,969760,19828.5,No
1133.jpg,1084976,19828.5,No
1134.jpg,2324952,19828.5,No
1135.jpg,1209227,19828.5,No
1136.jpg,1520360,19828.5,No
1137.jpg,1472964,19828.5,No
1138.jpg,1569014,19828.5,No
1139.jpg,389766,19828.5,No
1140.jpg,1837413,19828.5,No
1141.jpg,1251050,19828.5,No
1142.jpg,2428524,19828.5,No
1143.jpg,1379538,19828.5,No
1144.jpg,681661,19828.5,No
1145.jpg,1470609,19828.5,No
1146.jpg,1649643,19828.5,No
1147.jpg,1482468,19828.5,No
1148.jpg,1539175,19828.5,No
1149.jpg,1332942,19828.5,No
1150.jpg,455800,19828.5,No
1151.jpg,2509080,19828.5,No
1152.jpg,1177110,19828.5,No
1153.jpg,1353273,19828.5,No
1154.jpg,2280940,19828.5,No
1155.jpg,1120842,19828.5,No
1156.jpg,1151376,19828.5,No
1157.jpg,2145870,19828.5,No
1158.jpg,930496,19828.5,No
1159.jpg,776736,19828.5,No
1160.jpg,1370754,19828.5,No
1161.jpg,381049,19828.5,No
1162.jpg,1103340,19828.5,No
1163.jpg,860972,19828.5,No
1164.jpg,1237966,19828.5,No
1165.jpg,1156672,19828.5,No
1166.jpg,786132,19828.5,No
1167.jpg,824320,19828.5,No
1168.jpg,1365320,19828.5,No
1169.jpg,1038515,19828.5,No
1170.jpg,2247868,19828.5,No
1171.jpg,1854073,19828.5,No
1172.jpg,443440,19828.5,No
1173.jpg,1246720,19828.5,No
1174.jpg,1683339,19828.5,No
1175.jpg,2467108,19828.5,No
1176.jpg,1395560,19828.5,No
1177.jpg,1691676,19828.5,No
1178.jpg,1928706,19828.5,No
1179.jpg,1655494,19828.5,No
1180.jpg,1436939,19828.5,No
1181.jpg,2909586,19828.5,No
1182.jpg,385359,19828.5,No
1183.jpg,1786890,19828.5,No
1184.jpg,1937754,19828.5,No
1185.jpg,1621920,19828.5,No
1186.jpg,710625,19828.5,No
1187.jpg,1158072,19828.5,No
1188.jpg,1006060,19828.5,No
1189.jpg,2036880,19828.5,No
1190.jpg,2824136,19828.5,No
1191.jpg,1614375,19828.5,No
1192.jpg,1273679,19828.5,No
1193.jpg,320595,19828.5,No
1194.jpg,950516,19828.5,No
1195.jpg,798966,19828.5,No
1196.jpg,2383248,19828.5,No
1197.jpg,3968250,19828.5,No
1198.jpg,1457512,19828.5,No
1199.jpg,1595392,19828.5,No
1200.jpg,2799472,19828.5,No
1201.jpg,3375840,19828.5,No
1202.jpg,4701718,19828.5,No
1203.jpg,518028,19828.5,No
1204.jpg,4859991,19828.5,No
1205.jpg,2779840,19828.5,No
1206.jpg,2042703,19828.5,No
1207.jpg,1226565,19828.5,No
1208.jpg,2563022,19828.5,No
1209.jpg,1827504,19828.5,No
1210.jpg,2141982,19828.5,No
1211.jpg,1235304,19828.5,No
1212.jpg,3030964,19828.5,No
1213.jpg,2182860,19828.5,No
1214.jpg,706180,19828.5,No
1215.jpg,1556894,19828.5,No
1216.jpg,1400512,19828.5,No
1217.jpg,2860044,19828.5,No
1218.jpg,1409184,19828.5,No
1219.jpg,2298600,19828.5,No
1220.jpg,279697,19828.5,No
1221.jpg,308508,19828.5,No
1222.jpg,154224,19828.5,No
1223.jpg,477531,19828.5,No
1224.jpg,495304,19828.5,No
1225.jpg,204792,19828.5,No
1226.jpg,130544,19828.5,No
1227.jpg,292500,19828.5,No
1228.jpg,524250,19828.5,No
1229.jpg,271410,19828.5,No
1230.jpg,234558,19828.5,No
1231.jpg,567600,19828.5,No
1232.jpg,126900,19828.5,No
1233.jpg,631101,19828.5,No
1234.jpg,98164,19828.5,No
1235.jpg,46750,19828.5,No
1236.jpg,112230,19828.5,No
1237.jpg,365454,19828.5,No
1238.jpg,264278,19828.5,No
1239.jpg,389196,19828.5,No
1240.jpg,412360,19828.5,No
1241.jpg,454750,19828.5,No
1242.jpg,228672,19828.5,No
1243.jpg,163326,19828.5,No
1244.jpg,1489338,19828.5,No
1245.jpg,262740,19828.5,No
1246.jpg,154923,19828.5,No
1247.jpg,224576,19828.5,No
1248.jpg,354124,19828.5,No
1249.jpg,250224,19828.5,No
1250.jpg,83106,19828.5,No
1251.jpg,1039896,19828.5,No
1252.jpg,262656,19828.5,No
1253.jpg,188469,19828.5,No
1254.jpg,287268,19828.5,No
1255.jpg,957940,19828.5,No
1256.jpg,193308,19828.5,No
1257.jpg,189297,19828.5,No
1258.jpg,103716,19828.5,No
1259.jpg,996219,19828.5,No
1260.jpg,96390,19828.5,No
1261.jpg,199680,19828.5,No
1262.jpg,511632,19828.5,No
1263.jpg,495035,19828.5,No
1264.jpg,656289,19828.5,No
1265.jpg,427938,19828.5,No
1266.jpg,177644,19828.5,No
1267.jpg,206184,19828.5,No
1268.jpg,496884,19828.5,No
1269.jpg,208692,19828.5,No
1270.jpg,190624,19828.5,No
1271.jpg,418907,19828.5,No
1272.jpg,303600,19828.5,No
1273.jpg,262353,19828.5,No
1274.jpg,431664,19828.5,No
1275.jpg,287122,19828.5,No
1276.jpg,622656,19828.5,No
1277.jpg,337266,19828.5,No
1278.jpg,272400,19828.5,No
1279.jpg,108265,19828.5,No
1280.jpg,223473,19828.5,No
1281.jpg,57540,19828.5,No
1282.jpg,602129,19828.5,No
1283.jpg,580684,19828.5,No
1284.jpg,155350,19828.5,No
1285.jpg,76146,19828.5,No
1286.jpg,161670,19828.5,No
1287.jpg,216220,19828.5,No
1288.jpg,136224,19828.5,No
1289.jpg,138387,19828.5,No
1290.jpg,66010,19828.5,No
1291.jpg,897990,19828.5,No
1292.jpg,155472,19828.5,No
1293.jpg,167826,19828.5,No
1294.jpg,88218,19828.5,No
1295.jpg,57240,19828.5,No
1296.jpg,33415,19828.5,No
1297.jpg,79218,19828.5,No
1298.jpg,193050,19828.5,No
1299.jpg,669282,19828.5,No
1300.jpg,146972,19828.5,No
1301.jpg,131396,19828.5,No
1302.jpg,32804,19828.5,No
1303.jpg,77510,19828.5,No
1304.jpg,98826,19828.5,No
1305.jpg,529624,19828.5,No
1306.jpg,141382,19828.5,No
1307.jpg,141570,19828.5,No
1308.jpg,107976,19828.5,No
1309.jpg,91168,19828.5,No
1310.jpg,10030,19828.5,Yes
1311.jpg,6596,19828.5,Yes
1312.jpg,9021,19828.5,Yes
1313.jpg,11900,19828.5,Yes
1314.jpg,9315,19828.5,Yes
1315.jpg,10692,19828.5,Yes
1316.jpg,542784,19828.5,No
1317.jpg,109440,19828.5,No
1318.jpg,12180,19828.5,Yes
1319.jpg,11931,19828.5,Yes
1320.jpg,7373,19828.5,Yes
1321.jpg,12300,19828.5,Yes
1322.jpg,7524,19828.5,Yes
1323.jpg,72072,19828.5,No
1324.jpg,617456,19828.5,No
1325.jpg,10138,19828.5,Yes
1326.jpg,13653,19828.5,Yes
1327.jpg,27302,19828.5,No
1328.jpg,50268,19828.5,No
1329.jpg,12093,19828.5,Yes
1330.jpg,276660,19828.5,No
1331.jpg,1065048,19828.5,No
1332.jpg,11900,19828.5,Yes
1333.jpg,6596,19828.5,Yes
1334.jpg,8372,19828.5,Yes
1335.jpg,12580,19828.5,Yes
1336.jpg,128736,19828.5,No
1337.jpg,1439983,19828.5,No
1338.jpg,105020,19828.5,No
1339.jpg,6596,19828.5,Yes
1340.jpg,9657,19828.5,Yes
1341.jpg,15300,19828.5,Yes
1342.jpg,9968,19828.5,Yes
1343.jpg,91044,19828.5,No
1344.jpg,9064,19828.5,Yes
1345.jpg,11400,19828.5,Yes
1346.jpg,55695,19828.5,No
1347.jpg,18480,19828.5,Yes
1348.jpg,973341,19828.5,No
1349.jpg,74046,19828.5,No
1350.jpg,22509,19828.5,No
1351.jpg,114392,19828.5,No
1352.jpg,17536,19828.5,Yes
1353.jpg,16564,19828.5,Yes
1354.jpg,7776,19828.5,Yes
1355.jpg,837824,19828.5,No
1356.jpg,93292,19828.5,No
1357.jpg,9525,19828.5,Yes
1358.jpg,26988,19828.5,No
1359.jpg,10302,19828.5,Yes
1360.jpg,1107075,19828.5,No
1361.jpg,11160,19828.5,Yes
1362.jpg,13416,19828.5,Yes
1363.jpg,270074,19828.5,No
1364.jpg,11040,19828.5,Yes
1365.jpg,10626,19828.5,Yes
1366.jpg,21450,19828.5,No
1367.jpg,10030,19828.5,Yes
1368.jpg,955269,19828.5,No
1369.jpg,20000,19828.5,No
1370.jpg,8132,19828.5,Yes
1371.jpg,62920,19828.5,No
1372.jpg,13653,19828.5,Yes
1373.jpg,29532,19828.5,No
1374.jpg,1439004,19828.5,No
1375.jpg,10108,19828.5,Yes
1376.jpg,12177,19828.5,Yes
1377.jpg,7275,19828.5,Yes
1378.jpg,13152,19828.5,Yes
1379.jpg,1015784,19828.5,No
1380.jpg,32200,19828.5,No
1381.jpg,8989,19828.5,Yes
1382.jpg,260666,19828.5,No
1383.jpg,116864,19828.5,No
1384.jpg,13524,19828.5,Yes
1385.jpg,1739178,19828.5,No
1386.jpg,10668,19828.5,Yes
1387.jpg,10094,19828.5,Yes
1388.jpg,11280,19828.5,Yes
1389.jpg,33775,19828.5,No
1390.jpg,8584,19828.5,Yes
1391.jpg,9657,19828.5,Yes
1392.jpg,8814,19828.5,Yes
1393.jpg,130536,19828.5,No
1394.jpg,7776,19828.5,Yes
1395.jpg,177416,19828.5,No
1396.jpg,850080,19828.5,No
1397.jpg,57684,19828.5,No
1398.jpg,8814,19828.5,Yes
1399.jpg,12006,19828.5,Yes
1400.jpg,131738,19828.5,No
1401.jpg,18900,19828.5,Yes
1402.jpg,161200,19828.5,No
1403.jpg,948290,19828.5,No
1404.jpg,8192,19828.5,Yes
1405.jpg,8400,19828.5,Yes
1406.jpg,13224,19828.5,Yes
1407.jpg,20296,19828.5,No
1408.jpg,38896,19828.5,No
1409.jpg,961952,19828.5,No
1410.jpg,44492,19828.5,No
1411.jpg,11850,19828.5,Yes
1412.jpg,16500,19828.5,Yes
1413.jpg,11340,19828.5,Yes
1414.jpg,9028,19828.5,Yes
1415.jpg,13552,19828.5,Yes
1416.jpg,206145,19828.5,No
1417.jpg,755712,19828.5,No
1418.jpg,13572,19828.5,Yes
1419.jpg,19320,19828.5,Yes
1420.jpg,9250,19828.5,Yes
1421.jpg,9579,19828.5,Yes
1422.jpg,1457442,19828.5,No
1423.jpg,20008,19828.5,No
1424.jpg,7275,19828.5,Yes
1425.jpg,12298,19828.5,Yes
1426.jpg,5776,19828.5,Yes
1427.jpg,13500,19828.5,Yes
1428.jpg,737664,19828.5,No
1429.jpg,33775,19828.5,No
1430.jpg,405822,19828.5,No
1431.jpg,13029,19828.5,Yes
1432.jpg,285012,19828.5,No
1433.jpg,14796,19828.5,Yes
1434.jpg,34680,19828.5,No
1435.jpg,295836,19828.5,No
1436.jpg,8268,19828.5,Yes
1437.jpg,8814,19828.5,Yes
1438.jpg,5776,19828.5,Yes
1439.jpg,10425,19828.5,Yes
1440.jpg,9472,19828.5,Yes
1441.jpg,36765,19828.5,No
1442.jpg,731880,19828.5,No
1443.jpg,11500,19828.5,Yes
1444.jpg,16500,19828.5,Yes
1445.jpg,12780,19828.5,Yes
1446.jpg,11421,19828.5,Yes
1447.jpg,6596,19828.5,Yes
1448.jpg,236816,19828.5,No
1449.jpg,23541,19828.5,No
1450.jpg,171831,19828.5,No
1451.jpg,81238,19828.5,No
1452.jpg,90630,19828.5,No
1453.jpg,10920,19828.5,Yes
1454.jpg,61758,19828.5,No
1455.jpg,152694,19828.5,No
1456.jpg,9525,19828.5,Yes
1457.jpg,35811,19828.5,No
1458.jpg,21216,19828.5,No
1459.jpg,7776,19828.5,Yes
1460.jpg,276660,19828.5,No
1461.jpg,87702,19828.5,No
1462.jpg,432250,19828.5,No
1463.jpg,24832,19828.5,No
1464.jpg,19180,19828.5,Yes
1465.jpg,38272,19828.5,No
1466.jpg,380918,19828.5,No
1467.jpg,11390,19828.5,Yes
1468.jpg,15732,19828.5,Yes
1469.jpg,633420,19828.5,No
1470.jpg,151506,19828.5,No
1471.jpg,13860,19828.5,Yes
1472.jpg,60750,19828.5,No
1473.jpg,32956,19828.5,No
1474.jpg,153636,19828.5,No
1475.jpg,106856,19828.5,No
1476.jpg,69784,19828.5,No
1477.jpg,18871,19828.5,Yes
1478.jpg,66880,19828.5,No
1479.jpg,438192,19828.5,No
1480.jpg,73152,19828.5,No
1481.jpg,22999,19828.5,No
1482.jpg,20636,19828.5,No
1483.jpg,9125,19828.5,Yes
1484.jpg,17360,19828.5,Yes
1485.jpg,11200,19828.5,Yes
1486.jpg,23652,19828.5,No
1487.jpg,574152,19828.5,No
1488.jpg,33372,19828.5,No
1489.jpg,15015,19828.5,Yes
1490.jpg,11424,19828.5,Yes
1491.jpg,386400,19828.5,No
1492.jpg,13104,19828.5,Yes
1493.jpg,15912,19828.5,Yes
1494.jpg,16268,19828.5,Yes
1495.jpg,26596,19828.5,No
1496.jpg,123554,19828.5,No
1497.jpg,429533,19828.5,No
1498.jpg,39025,19828.5,No
1499.jpg,17472,19828.5,Yes
1500.jpg,28495,19828.5,No
1501.jpg,22351,19828.5,No
1502.jpg,40640,19828.5,No
1503.jpg,33495,19828.5,No
1504.jpg,36105,19828.5,No
1505.jpg,1948572,19828.5,No
1506.jpg,14448,19828.5,Yes
1507.jpg,11556,19828.5,Yes
1508.jpg,16728,19828.5,Yes
1509.jpg,17271,19828.5,Yes
1510.jpg,18203,19828.5,Yes
1511.jpg,13671,19828.5,Yes
1512.jpg,9702,19828.5,Yes
1513.jpg,977688,19828.5,No
1514.jpg,14043,19828.5,Yes
1515.jpg,34960,19828.5,No
1516.jpg,10164,19828.5,Yes
1517.jpg,14601,19828.5,Yes
1518.jpg,10750,19828.5,Yes
1519.jpg,9717,19828.5,Yes
1520.jpg,835703,19828.5,No
1521.jpg,17271,19828.5,Yes
1522.jpg,56160,19828.5,No
1523.jpg,13440,19828.5,Yes
1524.jpg,12915,19828.5,Yes
1525.jpg,12012,19828.5,Yes
1526.jpg,36656,19828.5,No
1527.jpg,1010644,19828.5,No
1528.jpg,12936,19828.5,Yes
1529.jpg,23409,19828.5,No
1530.jpg,234117,19828.5,No
1531.jpg,19551,19828.5,Yes
1532.jpg,14850,19828.5,Yes
1533.jpg,16790,19828.5,Yes
1534.jpg,14601,19828.5,Yes
1535.jpg,12928,19828.5,Yes
1536.jpg,510048,19828.5,No
1537.jpg,11970,19828.5,Yes
1538.jpg,24888,19828.5,No
1539.jpg,11136,19828.5,Yes
1540.jpg,26240,19828.5,No
1541.jpg,26688,19828.5,No
1542.jpg,8395,19828.5,Yes
1543.jpg,824384,19828.5,No
1544.jpg,10735,19828.5,Yes
1545.jpg,27265,19828.5,No
1546.jpg,9202,19828.5,Yes
1547.jpg,24528,19828.5,No
1548.jpg,1195304,19828.5,No
1549.jpg,18928,19828.5,Yes
1550.jpg,22425,19828.5,No
1551.jpg,407176,19828.5,No
1552.jpg,23084,19828.5,No
1553.jpg,13485,19828.5,Yes
1554.jpg,17820,19828.5,Yes
1555.jpg,11439,19828.5,Yes
1556.jpg,131520,19828.5,No
1557.jpg,9718,19828.5,Yes
1558.jpg,767232,19828.5,No
1559.jpg,17010,19828.5,Yes
1560.jpg,12513,19828.5,Yes
1561.jpg,12549,19828.5,Yes
1562.jpg,10248,19828.5,Yes
1563.jpg,10664,19828.5,Yes
1564.jpg,9690,19828.5,Yes
1565.jpg,1331112,19828.5,No
1566.jpg,19910,19828.5,No
1567.jpg,10092,19828.5,Yes
1568.jpg,21480,19828.5,No
1569.jpg,16038,19828.5,Yes
1570.jpg,9828,19828.5,Yes
1571.jpg,17304,19828.5,Yes
1572.jpg,1470300,19828.5,No
1573.jpg,14784,19828.5,Yes
1574.jpg,19200,19828.5,Yes
1575.jpg,12936,19828.5,Yes
1576.jpg,86031,19828.5,No
1577.jpg,8968,19828.5,Yes
1578.jpg,535780,19828.5,No
1579.jpg,32763,19828.5,No
1580.jpg,14976,19828.5,Yes
1581.jpg,13140,19828.5,Yes
1582.jpg,13500,19828.5,Yes
1583.jpg,50861,19828.5,No
1584.jpg,13795,19828.5,Yes
1585.jpg,372364,19828.5,No
1586.jpg,13640,19828.5,Yes
1587.jpg,14760,19828.5,Yes
1588.jpg,24079,19828.5,No
1589.jpg,17888,19828.5,Yes
1590.jpg,679496,19828.5,No
1591.jpg,14595,19828.5,Yes
1592.jpg,19344,19828.5,Yes
1593.jpg,15553,19828.5,Yes
1594.jpg,13112,19828.5,Yes
1595.jpg,22960,19828.5,No
1596.jpg,195185,19828.5,No
1597.jpg,542228,19828.5,No
1598.jpg,16728,19828.5,Yes
1599.jpg,20792,19828.5,No
1600.jpg,48060,19828.5,No
1601.jpg,13440,19828.5,Yes
1602.jpg,19044,19828.5,Yes
1603.jpg,24336,19828.5,No
1604.jpg,34894,19828.5,No
1605.jpg,22082,19828.5,No
1606.jpg,10005,19828.5,Yes
1607.jpg,462978,19828.5,No
1608.jpg,20048,19828.5,No
1609.jpg,19716,19828.5,Yes
1610.jpg,33150,19828.5,No
1611.jpg,10890,19828.5,Yes
1612.jpg,245523,19828.5,No
1613.jpg,62418,19828.5,No
1614.jpg,183696,19828.5,No
1615.jpg,15762,19828.5,Yes
1616.jpg,7663,19828.5,Yes
1617.jpg,11000,19828.5,Yes
1618.jpg,16366,19828.5,Yes
1619.jpg,25929,19828.5,No
1620.jpg,129168,19828.5,No
1621.jpg,93980,19828.5,No
1622.jpg,222743,19828.5,No
1623.jpg,66044,19828.5,No
1624.jpg,67044,19828.5,No
1625.jpg,408064,19828.5,No
1626.jpg,13900,19828.5,Yes
1627.jpg,223459,19828.5,No
1628.jpg,290628,19828.5,No
1629.jpg,17010,19828.5,Yes
1630.jpg,142374,19828.5,No
1631.jpg,22815,19828.5,No
1632.jpg,43400,19828.5,No
1633.jpg,29318,19828.5,No
1634.jpg,619758,19828.5,No
1635.jpg,16366,19828.5,Yes
1636.jpg,171864,19828.5,No
1637.jpg,26892,19828.5,No
1638.jpg,90288,19828.5,No
1639.jpg,147126,19828.5,No
1640.jpg,35045,19828.5,No
1641.jpg,526396,19828.5,No
1642.jpg,526640,19828.5,No
1643.jpg,47967,19828.5,No
1644.jpg,1956096,19828.5,No
1645.jpg,38383,19828.5,No
1646.jpg,75348,19828.5,No
1647.jpg,56320,19828.5,No
1648.jpg,32835,19828.5,No
1649.jpg,10961,19828.5,Yes
1650.jpg,364683,19828.5,No
1651.jpg,246856,19828.5,No
1652.jpg,41652,19828.5,No
1653.jpg,7469,19828.5,Yes
1654.jpg,36652,19828.5,No
1655.jpg,133860,19828.5,No
1656.jpg,15800,19828.5,Yes
1657.jpg,66885,19828.5,No
1658.jpg,253759,19828.5,No
1659.jpg,16359,19828.5,Yes
1660.jpg,485780,19828.5,No
1661.jpg,47637,19828.5,No
1662.jpg,17098,19828.5,Yes
1663.jpg,166830,19828.5,No
1664.jpg,20905,19828.5,No
1665.jpg,11178,19828.5,Yes
1666.jpg,11931,19828.5,Yes
1667.jpg,504812,19828.5,No
1668.jpg,80040,19828.5,No
1669.jpg,1510920,19828.5,No
1670.jpg,18144,19828.5,Yes
1671.jpg,66150,19828.5,No
1672.jpg,14812,19828.5,Yes
1673.jpg,64578,19828.5,No
1674.jpg,28557,19828.5,No
1675.jpg,64800,19828.5,No
1676.jpg,75400,19828.5,No
